task,split,family,entry,auc,auc_lo,auc_hi,auc_rc,mcc,tpr1,clustercov1,missrun1,tpr10,clustercov10,n_test
promoter_all,shipped,trivial,best trivial: kmer4,0.925548812904397,0.908282110063662,0.9404387290515964,0.9143002554427456,0.6995732504955745,0.5164141414141414,0.6498054474708171,9,0.7916666666666666,0.8599221789883269,1571
promoter_all,shipped,trivial,trivial: onehot,0.9185500706681708,0.903301529068744,0.9305575096814992,0.8410598280623955,0.702119487139842,0.2941919191919191,0.3988326848249027,27,0.773989898989899,0.8696498054474708,1571
promoter_all,shipped,trivial,trivial: kmer5,0.9237399670647424,0.9097556599157132,0.9377727711055032,0.9094004875455454,0.6893883039185044,0.4987373737373737,0.6381322957198443,9,0.7651515151515151,0.8443579766536965,1571
promoter_all,shipped,trivial,trivial: pwm,0.905941637167568,0.8891228810428425,0.9210367893566944,0.8950934246184568,0.648648517610224,0.3661616161616162,0.4805447470817121,19,0.7563131313131313,0.8326848249027238,1571
promoter_all,shipped,model,NT-v2-50M train-CV config (L6_cls),0.9375542977917818,0.924992264293268,0.9506926825264674,0.895388415606644,0.7148506703611797,0.5113636363636364,0.6400778210116731,9,0.8005050505050505,0.8715953307392996,1571
promoter_all,shipped,model,"NT-v2-50M final layer, mean (L12_mean)",0.9297321741159996,0.9133777620613864,0.9439187103613328,0.911640474060243,0.7173969070054471,0.5050505050505051,0.6478599221789884,9,0.7803030303030303,0.8540856031128404,1571
promoter_all,shipped,model_oracle,NT-v2-50M best-of-9 ON TEST (L6_cls),0.9375542977917818,0.924992264293268,0.9506926825264674,0.895388415606644,0.7148506703611797,0.5113636363636364,0.6400778210116731,9,0.8005050505050505,0.8715953307392996,1571
promoter_all,shipped,model,HyenaDNA-small-32k train-CV config (L4_mean),0.9357811102034466,0.9238382799068636,0.9483579934621924,0.9047357399411314,0.7173969070054471,0.5303030303030303,0.669260700389105,9,0.7992424242424242,0.8715953307392996,1571
promoter_all,shipped,model,"HyenaDNA-small-32k final layer, mean (L4_mean)",0.9357811102034466,0.9238382799068636,0.9483579934621924,0.9047357399411314,0.7173969070054471,0.5303030303030303,0.669260700389105,9,0.7992424242424242,0.8715953307392996,1571
promoter_all,shipped,model_oracle,HyenaDNA-small-32k best-of-9 ON TEST (L4_mean),0.9357811102034466,0.9238382799068636,0.9483579934621924,0.9047357399411314,0.7173969070054471,0.5303030303030303,0.669260700389105,9,0.7992424242424242,0.8715953307392996,1571
promoter_all,cluster,trivial,best trivial: kmer5,0.9246682355381812,0.91133594831622,0.936909721060034,0.9165191797784132,0.675371592226548,0.6130268199233716,0.6943942133815552,7,0.8084291187739464,0.8535262206148282,1571
promoter_all,cluster,trivial,trivial: onehot,0.916170721745726,0.9007074129285811,0.9301348085170588,0.8517465040745279,0.675371592226548,0.5440613026819924,0.6166365280289331,7,0.7867177522349936,0.8173598553345389,1571
promoter_all,cluster,trivial,trivial: kmer5,0.9246682355381812,0.91133594831622,0.936909721060034,0.9165191797784132,0.675371592226548,0.6130268199233716,0.6943942133815552,7,0.8084291187739464,0.8535262206148282,1571
promoter_all,cluster,trivial,trivial: pwm,0.9058644676533704,0.8918288382842665,0.9214761660490582,0.8984204316341546,0.6575484556979024,0.5210727969348659,0.5840867992766727,8,0.7637292464878672,0.7956600361663653,1571
promoter_all,cluster,model,NT-v2-50M train-CV config (L6_cls),0.9343472651717006,0.9200631527714022,0.9477368140710458,0.9034528139201692,0.7008332158388987,0.6398467432950191,0.7160940325497287,5,0.8160919540229885,0.8499095840867993,1571
promoter_all,cluster,model,"NT-v2-50M final layer, mean (L12_mean)",0.9307022320762912,0.9179510409810134,0.9451180478868942,0.9149567912039468,0.6957408911164286,0.6385696040868455,0.7106690777576854,6,0.8160919540229885,0.8444846292947559,1571
promoter_all,cluster,model_oracle,NT-v2-50M best-of-9 ON TEST (L9_mean),0.9348351064174624,0.9219835010384382,0.948529567604292,0.9143522570356108,0.711017865283839,0.6219667943805874,0.6925858951175407,6,0.8122605363984674,0.8444846292947559,1571
promoter_all,cluster,model,HyenaDNA-small-32k train-CV config (L4_mean),0.9378205003533202,0.9265846306036144,0.9509154277805372,0.9165191797784132,0.7186563523675442,0.6500638569604087,0.7160940325497287,6,0.8148148148148148,0.840867992766727,1571
promoter_all,cluster,model,"HyenaDNA-small-32k final layer, mean (L4_mean)",0.9378205003533202,0.9265846306036144,0.9509154277805372,0.9165191797784132,0.7186563523675442,0.6500638569604087,0.7160940325497287,6,0.8148148148148148,0.840867992766727,1571
promoter_all,cluster,model_oracle,HyenaDNA-small-32k best-of-9 ON TEST (L2_mean),0.940149496599698,0.9302953097301888,0.9524247871745408,0.9188562796999696,0.711017865283839,0.6666666666666666,0.72875226039783,5,0.8250319284802043,0.8535262206148282,1571
promoter_all,random,trivial,best trivial: kmer5,0.922849209184502,0.9103039995091616,0.9359532085148766,0.9081549803514016,0.6862409205877061,0.6005326231691078,0.6121045392022009,6,0.7949400798934754,0.7991746905089409,1571
promoter_all,random,trivial,trivial: onehot,0.9168815562989184,0.9035782589203482,0.9292305852959932,0.8482121399110129,0.6658520496891052,0.5565912117177098,0.562585969738652,9,0.7563249001331558,0.7620357634112792,1571
promoter_all,random,trivial,trivial: kmer5,0.922849209184502,0.9103039995091616,0.9359532085148766,0.9081549803514016,0.6862409205877061,0.6005326231691078,0.6121045392022009,6,0.7949400798934754,0.7991746905089409,1571
promoter_all,random,trivial,trivial: pwm,0.9007729531356566,0.8848993813530223,0.9140053015956252,0.8917118638563216,0.6123312635802777,0.5272969374167776,0.5350756533700137,8,0.7696404793608522,0.7757909215955984,1571
promoter_all,random,model,NT-v2-50M train-CV config (L9_mean),0.9403591958689228,0.9288819275790232,0.95151765416932,0.919827222240265,0.7193728357979327,0.62982689747004,0.640990371389271,6,0.8229027962716379,0.8321870701513068,1571
promoter_all,random,model,"NT-v2-50M final layer, mean (L12_mean)",0.9330502419538176,0.9213899838012024,0.9458324816082904,0.9169335195349292,0.7142756180732824,0.6191744340878829,0.6299862448418156,6,0.8095872170439414,0.8170563961485557,1571
promoter_all,random,model_oracle,NT-v2-50M best-of-9 ON TEST (L9_mean),0.9403591958689228,0.9288819275790232,0.95151765416932,0.919827222240265,0.7193728357979327,0.62982689747004,0.640990371389271,6,0.8229027962716379,0.8321870701513068,1571
promoter_all,random,model,HyenaDNA-small-32k train-CV config (L4_mean),0.938923711474132,0.9275849072510244,0.9489100013605798,0.919970121139294,0.7015325737616568,0.625832223701731,0.6382393397524071,6,0.8069241011984021,0.8156808803301238,1571
promoter_all,random,model,"HyenaDNA-small-32k final layer, mean (L4_mean)",0.938923711474132,0.9275849072510244,0.9489100013605798,0.919970121139294,0.7015325737616568,0.625832223701731,0.6382393397524071,6,0.8069241011984021,0.8156808803301238,1571
promoter_all,random,model_oracle,HyenaDNA-small-32k best-of-9 ON TEST (L4_mean),0.938923711474132,0.9275849072510244,0.9489100013605798,0.919970121139294,0.7015325737616568,0.625832223701731,0.6382393397524071,6,0.8069241011984021,0.8156808803301238,1571
promoter_tata,shipped,trivial,best trivial: onehot,0.97374510501958,0.9583106747437792,0.9896372064538944,0.7501779992880029,0.7735849056603774,0.6698113207547169,0.6862745098039216,4,0.8867924528301887,0.8921568627450981,212
promoter_tata,shipped,trivial,trivial: onehot,0.97374510501958,0.9583106747437792,0.9896372064538944,0.7501779992880029,0.7735849056603774,0.6698113207547169,0.6862745098039216,4,0.8867924528301887,0.8921568627450981,212
promoter_tata,shipped,trivial,trivial: kmer5,0.9130473478106088,0.8777462943917532,0.9476895676015822,0.8861694553221786,0.6226415094339622,0.6320754716981132,0.6568627450980392,6,0.6792452830188679,0.7058823529411765,212
promoter_tata,shipped,trivial,trivial: pwm,0.9234603061587754,0.8872140853234272,0.9576390924210726,0.8919544321822713,0.6415094339622641,0.4716981132075472,0.4901960784313725,8,0.7169811320754716,0.7450980392156863,212
promoter_tata,shipped,model,NT-v2-50M train-CV config (L6_cls),0.9482022071911712,0.9211257337404128,0.9719797178130511,0.8522605909576362,0.7547169811320755,0.5188679245283019,0.5392156862745098,5,0.8490566037735849,0.8529411764705882,212
promoter_tata,shipped,model,"NT-v2-50M final layer, mean (L12_mean)",0.9199003203987184,0.8823550268282238,0.9501138936555604,0.8919544321822712,0.7169811320754716,0.4339622641509434,0.4509803921568627,8,0.7452830188679245,0.7450980392156863,212
promoter_tata,shipped,model_oracle,NT-v2-50M best-of-9 ON TEST (L6_cls),0.9482022071911712,0.9211257337404128,0.9719797178130511,0.8522605909576362,0.7547169811320755,0.5188679245283019,0.5392156862745098,5,0.8490566037735849,0.8529411764705882,212
promoter_tata,shipped,model,HyenaDNA-small-32k train-CV config (L4_mean),0.9445532217871128,0.91790400396461,0.9704234502212375,0.8899964400142399,0.7169811320754716,0.4716981132075472,0.4901960784313725,8,0.7830188679245284,0.7941176470588235,212
promoter_tata,shipped,model,"HyenaDNA-small-32k final layer, mean (L4_mean)",0.9445532217871128,0.91790400396461,0.9704234502212375,0.8899964400142399,0.7169811320754716,0.4716981132075472,0.4901960784313725,8,0.7830188679245284,0.7941176470588235,212
promoter_tata,shipped,model_oracle,HyenaDNA-small-32k best-of-9 ON TEST (L4_mean),0.9445532217871128,0.91790400396461,0.9704234502212375,0.8899964400142399,0.7169811320754716,0.4716981132075472,0.4901960784313725,8,0.7830188679245284,0.7941176470588235,212
promoter_tata,shipped,model_positional,NT-v2-50M POST-HOC windowed readout (L6_win8),0.9572801708793164,0.9301010056457304,0.9777315078814948,0.8600035599857602,0.7735849056603774,0.6698113207547169,0.696078431372549,3,0.8490566037735849,0.8725490196078431,212
promoter_tata,shipped,model_positional,HyenaDNA-small-32k POST-HOC windowed readout (L3_win8),0.9682271270914916,0.9468339384127296,0.987189109528307,0.8572445710217159,0.7924528301886793,0.7452830188679245,0.7647058823529411,3,0.8490566037735849,0.8529411764705882,212
promoter_tata,cluster,trivial,best trivial: onehot,0.940565699964196,0.9082296019282634,0.9665195625953824,0.7423021840315072,0.7190318509781667,0.4824561403508772,0.5096153846153846,4,0.8070175438596491,0.8173076923076923,212
promoter_tata,cluster,trivial,trivial: onehot,0.940565699964196,0.9082296019282634,0.9665195625953824,0.7423021840315072,0.7190318509781667,0.4824561403508772,0.5096153846153846,4,0.8070175438596491,0.8173076923076923,212
promoter_tata,cluster,trivial,trivial: kmer5,0.9016290726817042,0.8523674895202609,0.9409806955466188,0.8631399928392409,0.5865786152716622,0.3421052631578947,0.3653846153846153,7,0.6842105263157895,0.7307692307692307,212
promoter_tata,cluster,trivial,trivial: pwm,0.8591120658789833,0.8039980251187148,0.9073008601497454,0.825187969924812,0.5487348336412324,0.131578947368421,0.1346153846153846,17,0.6052631578947368,0.6057692307692307,212
promoter_tata,cluster,model,NT-v2-50M train-CV config (L6_cls),0.9302721088435376,0.8892676496763485,0.9592009952129,0.8336913712853563,0.6811880693477368,0.5614035087719298,0.6057692307692307,6,0.7719298245614035,0.7884615384615384,212
promoter_tata,cluster,model,"NT-v2-50M final layer, mean (L12_mean)",0.9064625850340136,0.8642447688817745,0.9403718382270304,0.8929466523451485,0.7001099601629517,0.2456140350877192,0.2692307692307692,7,0.8157894736842105,0.8365384615384616,212
promoter_tata,cluster,model_oracle,NT-v2-50M best-of-9 ON TEST (L6_cls),0.9302721088435376,0.8892676496763485,0.9592009952129,0.8336913712853563,0.6811880693477368,0.5614035087719298,0.6057692307692307,6,0.7719298245614035,0.7884615384615384,212
promoter_tata,cluster,model,HyenaDNA-small-32k train-CV config (L4_mean),0.9154135338345863,0.8760983130866561,0.9492118231517198,0.8827425707124955,0.643344287717307,0.2543859649122807,0.2788461538461538,8,0.7807017543859649,0.7884615384615384,212
promoter_tata,cluster,model,"HyenaDNA-small-32k final layer, mean (L4_mean)",0.9154135338345863,0.8760983130866561,0.9492118231517198,0.8827425707124955,0.643344287717307,0.2543859649122807,0.2788461538461538,8,0.7807017543859649,0.7884615384615384,212
promoter_tata,cluster,model_oracle,HyenaDNA-small-32k best-of-9 ON TEST (L4_mean),0.9154135338345863,0.8760983130866561,0.9492118231517198,0.8827425707124955,0.643344287717307,0.2543859649122807,0.2788461538461538,8,0.7807017543859649,0.7884615384615384,212
promoter_tata,cluster,model_positional,NT-v2-50M POST-HOC windowed readout (L6_win8),0.9535445757250268,0.9232376618587902,0.9738719745269842,0.8298424633011099,0.7568756326085965,0.6666666666666666,0.6923076923076923,6,0.8508771929824561,0.8653846153846154,212
promoter_tata,cluster,model_positional,HyenaDNA-small-32k POST-HOC windowed readout (L2_win8),0.9362692445399212,0.9001083345273803,0.963661257333008,0.8067490153956318,0.7190318509781667,0.4912280701754385,0.5288461538461539,6,0.8245614035087719,0.8365384615384616,212
promoter_tata,random,trivial,best trivial: onehot,0.9349981968986658,0.8971304264572798,0.9641592017061392,0.7104219257122251,0.740610171340183,0.4148936170212766,0.4148936170212766,10,0.8404255319148937,0.8404255319148937,212
promoter_tata,random,trivial,trivial: onehot,0.9349981968986658,0.8971304264572798,0.9641592017061392,0.7104219257122251,0.740610171340183,0.4148936170212766,0.4148936170212766,10,0.8404255319148937,0.8404255319148937,212
promoter_tata,random,trivial,trivial: kmer5,0.9109267940858276,0.8683687788421699,0.9435400837214004,0.8999278759466283,0.6266701449801548,0.2553191489361702,0.2553191489361702,12,0.7127659574468085,0.7127659574468085,212
promoter_tata,random,trivial,trivial: pwm,0.8798232960692391,0.8322015260033012,0.9225950378108092,0.8482690227190767,0.5697001318001408,0.202127659574468,0.202127659574468,14,0.6808510638297872,0.6808510638297872,212
promoter_tata,random,model,NT-v2-50M train-CV config (L9_cls),0.9264334655607646,0.8864153106873193,0.9590684090105744,0.8240173097728092,0.702630162553507,0.3723404255319149,0.3723404255319149,9,0.7446808510638298,0.7446808510638298,212
promoter_tata,random,model,"NT-v2-50M final layer, mean (L12_mean)",0.9048864046159394,0.8563664742917916,0.9375666975975188,0.8912729895420122,0.6076801405868169,0.2234042553191489,0.2234042553191489,11,0.7021276595744681,0.7021276595744681,212
promoter_tata,random,model_oracle,NT-v2-50M best-of-9 ON TEST (L6_cls),0.934186801298233,0.8982492872910071,0.9656583795799022,0.8351965380454381,0.702630162553507,0.4787234042553192,0.4787234042553192,8,0.723404255319149,0.723404255319149,212
promoter_tata,random,model,HyenaDNA-small-32k train-CV config (L4_mean),0.9258023800937611,0.8898233287502155,0.9570708639654552,0.8658492607284529,0.6646501537668309,0.2659574468085106,0.2659574468085106,11,0.7553191489361702,0.7553191489361702,212
promoter_tata,random,model,"HyenaDNA-small-32k final layer, mean (L4_mean)",0.9258023800937611,0.8898233287502155,0.9570708639654552,0.8658492607284529,0.6646501537668309,0.2659574468085106,0.2659574468085106,11,0.7553191489361702,0.7553191489361702,212
promoter_tata,random,model_oracle,HyenaDNA-small-32k best-of-9 ON TEST (L4_mean),0.9258023800937611,0.8898233287502155,0.9570708639654552,0.8658492607284529,0.6646501537668309,0.2659574468085106,0.2659574468085106,11,0.7553191489361702,0.7553191489361702,212
promoter_tata,random,model_positional,NT-v2-50M POST-HOC windowed readout (L6_win8),0.9487919221060224,0.9179249086920676,0.9703476085993556,0.8290659935088354,0.7216201669468449,0.4787234042553192,0.4787234042553192,6,0.8297872340425532,0.8297872340425532,212
promoter_tata,random,model_positional,HyenaDNA-small-32k POST-HOC windowed readout (L3_win8),0.9526685899747566,0.92279533759543,0.9736937814174904,0.8470068517850703,0.740610171340183,0.3297872340425531,0.3297872340425531,8,0.8404255319148937,0.8404255319148937,212
enhancers,shipped,trivial,best trivial: kmer4,0.7847318900492848,0.7667022940736244,0.8027633256973082,0.7520238155725022,0.417638390673022,0.0412938747419132,0.05870236869207,102,0.3840330350997935,0.4613800205973223,2943
enhancers,shipped,trivial,trivial: onehot,0.7536298424458537,0.7357483638492011,0.7714617581235189,0.6101738130320512,0.3809382403143044,0.0412938747419132,0.0607621009268795,128,0.321403991741225,0.4088568486096807,2943
enhancers,shipped,trivial,trivial: kmer5,0.7780403423604023,0.7594933404018817,0.795149983112536,0.7424112112408023,0.4203569203292234,0.0350997935306262,0.0494335736354273,122,0.370956641431521,0.4490216271884655,2943
enhancers,shipped,trivial,trivial: pwm,0.7320313907352065,0.7138973609404108,0.7528630371748757,0.6995307094324633,0.3320047065026809,0.0337233310392291,0.0453141091658084,123,0.2856159669649002,0.3357363542739444,2943
enhancers,shipped,model,NT-v2-50M train-CV config (L9_mean),0.8085682480588645,0.7916641641205365,0.8245178906602317,0.7820440929897413,0.4815238375937528,0.0502408809359944,0.074150360453141,75,0.3854094975911906,0.4685890834191555,2943
enhancers,shipped,model,"NT-v2-50M final layer, mean (L12_mean)",0.8006716028397621,0.7835390016255463,0.8184885834435639,0.7843660651186853,0.4733682486251488,0.0378527185134205,0.0556127703398558,121,0.3743977976600137,0.451081359423275,2943
enhancers,shipped,model_oracle,NT-v2-50M best-of-9 ON TEST (L6_mean),0.8113317967454515,0.7960169913327261,0.8276846597230576,0.7974110495757447,0.4747275134532495,0.0578114246386785,0.0834191555097837,72,0.421885753613214,0.5015447991761071,2943
enhancers,shipped,model,HyenaDNA-small-32k train-CV config (L3_mean),0.7963241984877389,0.7774175906447128,0.8172458794154941,0.7653380878256973,0.4434644224069345,0.0371644872677219,0.0525231719876416,134,0.4150034411562285,0.490216271884655,2943
enhancers,shipped,model,"HyenaDNA-small-32k final layer, mean (L4_mean)",0.793874280013118,0.7779213800085126,0.8143483615292817,0.7635117345736893,0.4489014817193371,0.0406056434962147,0.0576725025746652,114,0.3991741225051617,0.4727085478887745,2943
enhancers,shipped,model_oracle,HyenaDNA-small-32k best-of-9 ON TEST (L3_mean),0.7963241984877389,0.7774175906447128,0.8172458794154941,0.7653380878256973,0.4434644224069345,0.0371644872677219,0.0525231719876416,134,0.4150034411562285,0.490216271884655,2943
enhancers,cluster,trivial,best trivial: kmer5,0.7786386462226451,0.7624702742417575,0.7953899267014478,0.7514817911771635,0.408826769457977,0.0567423230974632,0.0623028391167192,76,0.3938584779706275,0.4305993690851735,2943
enhancers,cluster,trivial,trivial: onehot,0.7473286180882469,0.728895920291901,0.7634289996994593,0.5925898891717214,0.3734829452479095,0.0674232309746328,0.0796529968454258,72,0.3451268357810413,0.3738170347003154,2943
enhancers,cluster,trivial,trivial: kmer5,0.7786386462226451,0.7624702742417575,0.7953899267014478,0.7514817911771635,0.408826769457977,0.0567423230974632,0.0623028391167192,76,0.3938584779706275,0.4305993690851735,2943
enhancers,cluster,trivial,trivial: pwm,0.7097629596093523,0.6900375194076713,0.7273431626928272,0.6698268972239803,0.3027952968277745,0.0500667556742323,0.0583596214511041,83,0.2590120160213618,0.2744479495268139,2943
enhancers,cluster,model,NT-v2-50M train-CV config (L9_mean),0.8078610003649619,0.7912099542397674,0.8250076451021233,0.7744628362614975,0.468639395044245,0.0887850467289719,0.1009463722397476,58,0.4566088117489986,0.4913249211356467,2943
enhancers,cluster,model,"NT-v2-50M final layer, mean (L12_mean)",0.7948420269702163,0.7773488630572994,0.8118375920114169,0.7729443179140816,0.4468893493765112,0.0761014686248331,0.0867507886435331,63,0.4158878504672897,0.4526813880126183,2943
enhancers,cluster,model_oracle,NT-v2-50M best-of-9 ON TEST (L6_mean),0.8087221254637095,0.7923283171943329,0.8266137088184949,0.7880953150914021,0.4713581507527118,0.0867823765020026,0.0962145110410094,49,0.4379172229639519,0.4708201892744479,2943
enhancers,cluster,model,HyenaDNA-small-32k train-CV config (L3_mean),0.787475803955447,0.7702930589130171,0.8032801200888371,0.7712031266602297,0.4509674829392113,0.0807743658210947,0.0946372239747634,78,0.3898531375166889,0.416403785488959,2943
enhancers,cluster,model,"HyenaDNA-small-32k final layer, mean (L4_mean)",0.7919916289770443,0.7760655374312219,0.8075049073949764,0.7715278964801973,0.4373737043968776,0.0767690253671562,0.0883280757097791,73,0.4065420560747663,0.4345425867507886,2943
enhancers,cluster,model_oracle,HyenaDNA-small-32k best-of-9 ON TEST (L4_mean),0.7919916289770443,0.7760655374312219,0.8075049073949764,0.7715278964801973,0.4373737043968776,0.0767690253671562,0.0883280757097791,73,0.4065420560747663,0.4345425867507886,2943
enhancers,random,trivial,best trivial: kmer5,0.792713936836816,0.7761519344148965,0.8092659137793126,0.7716010440989566,0.4366294557089232,0.0999320190346702,0.1012482662968099,56,0.4296397008837525,0.4320388349514563,2943
enhancers,random,trivial,trivial: onehot,0.7437094515709515,0.7246013652585082,0.7584965314984178,0.5970659193686637,0.3618757943428014,0.0666213460231135,0.0679611650485436,62,0.3392250169952413,0.3425797503467406,2943
enhancers,random,trivial,trivial: kmer5,0.792713936836816,0.7761519344148965,0.8092659137793126,0.7716010440989566,0.4366294557089232,0.0999320190346702,0.1012482662968099,56,0.4296397008837525,0.4320388349514563,2943
enhancers,random,trivial,trivial: pwm,0.7175303143380722,0.6980656528897243,0.7353009869860866,0.6776769352407412,0.306150337688056,0.0421481985044187,0.0429958391123439,97,0.2882392929979606,0.2912621359223301,2943
enhancers,random,model,NT-v2-50M train-CV config (L6_mean),0.8263755985280641,0.8095344816932134,0.8402246050597945,0.803854594626548,0.4977915422812047,0.1162474507138001,0.1185852981969486,57,0.4860639021074099,0.4909847434119279,2943
enhancers,random,model,"NT-v2-50M final layer, mean (L12_mean)",0.8104651893122101,0.7923657752856761,0.8257351345370713,0.797992621848491,0.4774041800904442,0.1019714479945615,0.1033287101248266,42,0.4541128484024473,0.4576976421636616,2943
enhancers,random,model_oracle,NT-v2-50M best-of-9 ON TEST (L6_mean),0.8263755985280641,0.8095344816932134,0.8402246050597945,0.803854594626548,0.4977915422812047,0.1162474507138001,0.1185852981969486,57,0.4860639021074099,0.4909847434119279,2943
enhancers,random,model,HyenaDNA-small-32k train-CV config (L4_mean),0.8125323279047083,0.7975193938240827,0.8279599607974298,0.7799707386279668,0.4841999674873644,0.0944935418082936,0.0957004160887656,70,0.4486743711760707,0.4528432732316227,2943
enhancers,random,model,"HyenaDNA-small-32k final layer, mean (L4_mean)",0.8125323279047083,0.7975193938240827,0.8279599607974298,0.7799707386279668,0.4841999674873644,0.0944935418082936,0.0957004160887656,70,0.4486743711760707,0.4528432732316227,2943
enhancers,random,model_oracle,HyenaDNA-small-32k best-of-9 ON TEST (L4_mean),0.8125323279047083,0.7975193938240827,0.8279599607974298,0.7799707386279668,0.4841999674873644,0.0944935418082936,0.0957004160887656,70,0.4486743711760707,0.4528432732316227,2943
splice_sites_all,shipped,trivial,best trivial: onehot,0.9597764123131238,0.954222039040464,0.9647810755417175,0.6891274272650795,0.7767887553675672,0.5709779179810726,0.6804123711340206,8,0.904311251314406,0.9329896907216496,2976
splice_sites_all,shipped,trivial,trivial: onehot,0.9597764123131238,0.954222039040464,0.9647810755417175,0.6891274272650795,0.7767887553675672,0.5709779179810726,0.6804123711340206,8,0.904311251314406,0.9329896907216496,2976
splice_sites_all,shipped,trivial,trivial: kmer5,0.6815920302897295,0.6672804775830781,0.6931194123107511,0.6673652425197462,0.2329625836343136,0.010515247108307,0.0171821305841924,208,0.1545741324921135,0.2285223367697594,2976
splice_sites_all,shipped,trivial,trivial: pwm,0.8053263469080413,0.791822054459939,0.8170906647248335,0.6938315702632343,0.4789159494731106,0.6088328075709779,0.7027491408934707,6,0.7034700315457413,0.7869415807560137,2976
splice_sites_all,shipped,model,NT-v2-50M train-CV config (L9_mean),0.7685574398089371,0.7556849632742196,0.7816336957145729,0.7363951016269338,0.365295745895043,0.0515247108307045,0.0790378006872852,90,0.3259726603575184,0.4175257731958763,2976
splice_sites_all,shipped,model,"NT-v2-50M final layer, mean (L12_mean)",0.7457665912309124,0.7312521830767927,0.7595333036713613,0.7115711835420028,0.3280235434230606,0.0273396424815983,0.0446735395189003,120,0.2902208201892745,0.3814432989690721,2976
splice_sites_all,shipped,model_oracle,NT-v2-50M best-of-9 ON TEST (L9_mean),0.7685574398089371,0.7556849632742196,0.7816336957145729,0.7363951016269338,0.365295745895043,0.0515247108307045,0.0790378006872852,90,0.3259726603575184,0.4175257731958763,2976
splice_sites_all,shipped,model,HyenaDNA-small-32k train-CV config (L4_mean),0.7054724744641027,0.692370899606805,0.7202469769749105,0.6871984247629439,0.2596109367057847,0.0231335436382754,0.0360824742268041,170,0.2103049421661409,0.2852233676975945,2976
splice_sites_all,shipped,model,"HyenaDNA-small-32k final layer, mean (L4_mean)",0.7054724744641027,0.692370899606805,0.7202469769749105,0.6871984247629439,0.2596109367057847,0.0231335436382754,0.0360824742268041,170,0.2103049421661409,0.2852233676975945,2976
splice_sites_all,shipped,model_oracle,HyenaDNA-small-32k best-of-9 ON TEST (L4_mean),0.7054724744641027,0.692370899606805,0.7202469769749105,0.6871984247629439,0.2596109367057847,0.0231335436382754,0.0360824742268041,170,0.2103049421661409,0.2852233676975945,2976
splice_sites_all,shipped,model_positional,NT-v2-50M POST-HOC windowed readout (L6_win8),0.9419251109110692,0.93599117124852,0.9485045785975684,0.909485566495175,0.7179259344518423,0.5120925341745531,0.5927835051546392,8,0.8654048370136698,0.8969072164948454,2976
splice_sites_all,shipped,model_positional,HyenaDNA-small-32k POST-HOC windowed readout (L2_win8),0.8738551081159919,0.8624445805263112,0.8835559396529212,0.857035144196169,0.5765686344713963,0.2660357518401682,0.3556701030927835,20,0.7308096740273397,0.8041237113402062,2976
splice_sites_all,cluster,trivial,best trivial: onehot,0.9587286227594088,0.9536705086171292,0.9637086773318032,0.7105195284674819,0.7782866100411278,0.4458788480635551,0.5081148564294632,7,0.9215491559086396,0.9388264669163544,2977
splice_sites_all,cluster,trivial,trivial: onehot,0.9587286227594088,0.9536705086171292,0.9637086773318032,0.7105195284674819,0.7782866100411278,0.4458788480635551,0.5081148564294632,7,0.9215491559086396,0.9388264669163544,2977
splice_sites_all,cluster,trivial,trivial: kmer5,0.6601971950111766,0.6440055885567528,0.673576347905966,0.6588140469645754,0.1834474629295772,0.012909632571996,0.0162297128589263,252,0.1420059582919563,0.1722846441947565,2977
splice_sites_all,cluster,trivial,trivial: pwm,0.7932926959354925,0.78021221322383,0.8043467417223632,0.6842118092351485,0.4586950497421976,0.5541211519364448,0.6017478152309613,9,0.663356504468719,0.7066167290886392,2977
splice_sites_all,cluster,model,NT-v2-50M train-CV config (L9_mean),0.756171796927911,0.7430301097419998,0.7675899135074062,0.7194064200987382,0.3479174165438624,0.0635551142005958,0.0786516853932584,83,0.282025819265144,0.3146067415730337,2977
splice_sites_all,cluster,model,"NT-v2-50M final layer, mean (L12_mean)",0.7378906171546165,0.724765245854919,0.7500619918219965,0.6960482248353997,0.306093922359221,0.038728897715988,0.048689138576779,139,0.2413108242303873,0.2746566791510612,2977
splice_sites_all,cluster,model_oracle,NT-v2-50M best-of-9 ON TEST (L9_mean),0.756171796927911,0.7430301097419998,0.7675899135074062,0.7194064200987382,0.3479174165438624,0.0635551142005958,0.0786516853932584,83,0.282025819265144,0.3146067415730337,2977
splice_sites_all,cluster,model,HyenaDNA-small-32k train-CV config (L3_mean),0.7042300312348638,0.6888673278196005,0.7196350385019652,0.693238040146988,0.2646966688816722,0.0158887785501489,0.0199750312109862,256,0.1996027805362462,0.2284644194756554,2977
splice_sites_all,cluster,model,"HyenaDNA-small-32k final layer, mean (L4_mean)",0.6980720554712073,0.6850018121078386,0.7116274956832787,0.6907442365723471,0.2512935441849779,0.012909632571996,0.0162297128589263,311,0.1588877855014895,0.1835205992509363,2977
splice_sites_all,cluster,model_oracle,HyenaDNA-small-32k best-of-9 ON TEST (L3_mean),0.7042300312348638,0.6888673278196005,0.7196350385019652,0.693238040146988,0.2646966688816722,0.0158887785501489,0.0199750312109862,256,0.1996027805362462,0.2284644194756554,2977
splice_sites_all,cluster,model_positional,NT-v2-50M POST-HOC windowed readout (L6_win8),0.9376678441246764,0.9314227587749124,0.9437920661267032,0.9069130138333076,0.7128342716330462,0.5541211519364448,0.5942571785268415,12,0.8560079443892751,0.8726591760299626,2977
splice_sites_all,cluster,model_positional,HyenaDNA-small-32k POST-HOC windowed readout (L2_win8),0.8689207985890502,0.8599705414522661,0.8791148861925745,0.8569118313809572,0.5568746641988439,0.2681231380337636,0.3121098626716604,15,0.6911618669314796,0.7265917602996255,2977
splice_sites_all,random,trivial,best trivial: onehot,0.9592406583708808,0.9534889630272596,0.9638171899230435,0.7087080077733505,0.793743113189306,0.5158806544754572,0.5276679841897233,9,0.9191530317613088,0.9199604743083004,2976
splice_sites_all,random,trivial,trivial: onehot,0.9592406583708808,0.9534889630272596,0.9638171899230435,0.7087080077733505,0.793743113189306,0.5158806544754572,0.5276679841897233,9,0.9191530317613088,0.9199604743083004,2976
splice_sites_all,random,trivial,trivial: kmer5,0.6536220453180283,0.6382401740838277,0.6686854388622607,0.6618014815548944,0.1791914951913038,0.012512030798845,0.0128458498023715,183,0.1443695861405197,0.1482213438735178,2976
splice_sites_all,random,trivial,trivial: pwm,0.784430102519023,0.7719369018261436,0.7960875941543395,0.6719549226792934,0.4406553775178455,0.5726660250240616,0.5760869565217391,8,0.6400384985563041,0.6432806324110671,2976
splice_sites_all,random,model,NT-v2-50M train-CV config (L9_mean),0.7437083795432572,0.7312428957994239,0.7571883320929217,0.7283638485615896,0.3234948503161725,0.0423484119345524,0.0434782608695652,125,0.2800769971126082,0.2855731225296443,2976
splice_sites_all,random,model,"NT-v2-50M final layer, mean (L12_mean)",0.723052358838025,0.7085499183380235,0.7369144288882558,0.7090720497941835,0.2788934082742272,0.0288739172281039,0.0296442687747035,101,0.217516843118383,0.2233201581027667,2976
splice_sites_all,random,model_oracle,NT-v2-50M best-of-9 ON TEST (L6_mean),0.7480193095398867,0.7357374943378279,0.7593793128364511,0.7220265810807444,0.3361490508520678,0.0404234841193455,0.0415019762845849,97,0.2223291626564003,0.2282608695652173,2976
splice_sites_all,random,model,HyenaDNA-small-32k train-CV config (L4_mean),0.6958861875283349,0.6821632785532237,0.7105065367762116,0.6850089449231375,0.2466167241572739,0.0105871029836381,0.0108695652173913,309,0.190567853705486,0.1956521739130435,2976
splice_sites_all,random,model,"HyenaDNA-small-32k final layer, mean (L4_mean)",0.6958861875283349,0.6821632785532237,0.7105065367762116,0.6850089449231375,0.2466167241572739,0.0105871029836381,0.0108695652173913,309,0.190567853705486,0.1956521739130435,2976
splice_sites_all,random,model_oracle,HyenaDNA-small-32k best-of-9 ON TEST (L4_mean),0.6958861875283349,0.6821632785532237,0.7105065367762116,0.6850089449231375,0.2466167241572739,0.0105871029836381,0.0108695652173913,309,0.190567853705486,0.1956521739130435,2976
splice_sites_all,random,model_positional,NT-v2-50M POST-HOC windowed readout (L6_win8),0.941732293389971,0.934476393408878,0.9478662144199088,0.9139374166731346,0.7217946224777508,0.5255052935514918,0.532608695652174,11,0.8565928777670837,0.857707509881423,2976
splice_sites_all,random,model_positional,HyenaDNA-small-32k POST-HOC windowed readout (L2_win8),0.8726292965072826,0.8631592094674159,0.8833501199259496,0.8637913907292654,0.5797973282348354,0.2627526467757459,0.2677865612648221,21,0.6669874879692012,0.6739130434782609,2976
H3K4me3,shipped,trivial,best trivial: kmer5,0.8670906413174455,0.8401268789460508,0.8903475653619602,0.8438947650287858,0.5575675621522567,0.1546391752577319,0.1926910299003322,28,0.6649484536082474,0.7242524916943521,773
H3K4me3,shipped,trivial,trivial: onehot,0.75947248627661,0.72013145371164,0.7875820685168086,0.7269447047797564,0.3764534981106033,0.0592783505154639,0.0764119601328903,64,0.4690721649484536,0.5249169435215947,773
H3K4me3,shipped,trivial,trivial: kmer5,0.8670906413174455,0.8401268789460508,0.8903475653619602,0.8438947650287858,0.5575675621522567,0.1546391752577319,0.1926910299003322,28,0.6649484536082474,0.7242524916943521,773
H3K4me3,shipped,trivial,trivial: pwm,0.8029789797831035,0.7635827992077269,0.8326855466668667,0.7957825679475163,0.4592484988153592,0.1262886597938144,0.1594684385382059,40,0.5592783505154639,0.6046511627906976,773
H3K4me3,shipped,model,NT-v2-50M train-CV config (L6_mean),0.8886999598339805,0.861338206100925,0.909368660776562,0.8679542107377158,0.5989650625046347,0.1855670103092783,0.2325581395348837,19,0.6726804123711341,0.7342192691029901,773
H3K4me3,shipped,model,"NT-v2-50M final layer, mean (L12_mean)",0.8833511848975768,0.8532722307806816,0.9065053335053656,0.8629803186504218,0.5886156874165401,0.1829896907216494,0.2259136212624584,23,0.6675257731958762,0.7275747508305648,773
H3K4me3,shipped,model_oracle,NT-v2-50M best-of-9 ON TEST (L6_cls),0.8918396036952739,0.8631193459865811,0.911930198048196,0.8184830633284241,0.5989650625046347,0.1134020618556701,0.1461794019933555,34,0.6675257731958762,0.7475083056478405,773
H3K4me3,shipped,model,HyenaDNA-small-32k train-CV config (L2_mean),0.8832641585218906,0.8564479230809049,0.9039020296556748,0.8387133485071631,0.5989650625046347,0.0876288659793814,0.1129568106312292,64,0.6932989690721649,0.7641196013289037,773
H3K4me3,shipped,model,"HyenaDNA-small-32k final layer, mean (L4_mean)",0.8850448520551613,0.8586250330285405,0.9053454313167468,0.8243071361628063,0.6041397500486818,0.2577319587628865,0.3189368770764119,14,0.6778350515463918,0.7508305647840532,773
H3K4me3,shipped,model_oracle,HyenaDNA-small-32k best-of-9 ON TEST (L4_mean),0.8850448520551613,0.8586250330285405,0.9053454313167468,0.8243071361628063,0.6041397500486818,0.2577319587628865,0.3189368770764119,14,0.6778350515463918,0.7508305647840532,773
H3K4me3,cluster,trivial,best trivial: kmer3,0.8753081622809368,0.8538887811894001,0.8997155240448945,0.873405595155153,0.5862101692098062,0.216624685138539,0.260586319218241,20,0.6397984886649875,0.6840390879478827,773
H3K4me3,cluster,trivial,trivial: onehot,0.7586352430462512,0.7266904609496484,0.7875416643721918,0.6978401843614342,0.3584415653604176,0.1712846347607053,0.1986970684039088,25,0.3879093198992443,0.4136807817589576,773
H3K4me3,cluster,trivial,trivial: kmer5,0.8610791039176805,0.8363429995862589,0.8871218652541837,0.8600407310145238,0.5913867283882014,0.1234256926952141,0.1530944625407166,31,0.6272040302267002,0.6710097719869706,773
H3K4me3,cluster,trivial,trivial: pwm,0.794482555335227,0.7669468089906836,0.8278869846636516,0.7884465941368777,0.4257368346795551,0.2745591939546599,0.2996742671009772,18,0.5037783375314862,0.5374592833876222,773
H3K4me3,cluster,model,NT-v2-50M train-CV config (L6_mean),0.8870652232166782,0.8637419008872212,0.9073005963370536,0.8662977651535452,0.6276226426369678,0.2317380352644836,0.2768729641693811,20,0.6952141057934509,0.7361563517915309,773
H3K4me3,cluster,model,"NT-v2-50M final layer, mean (L12_mean)",0.8772509244868429,0.8556061929749407,0.8965462715176883,0.860998713757436,0.5965632875665966,0.2594458438287154,0.3159609120521172,20,0.6801007556675063,0.7166123778501629,773
H3K4me3,cluster,model_oracle,NT-v2-50M best-of-9 ON TEST (L6_mean),0.8870652232166782,0.8637419008872212,0.9073005963370536,0.8662977651535452,0.6276226426369678,0.2317380352644836,0.2768729641693811,20,0.6952141057934509,0.7361563517915309,773
H3K4me3,cluster,model,HyenaDNA-small-32k train-CV config (L3_mean),0.8731443271343587,0.8506326273569569,0.8955248563767798,0.851465780588456,0.5706804916746206,0.2141057934508816,0.254071661237785,21,0.6750629722921915,0.7068403908794788,773
H3K4me3,cluster,model,"HyenaDNA-small-32k final layer, mean (L4_mean)",0.8740755131571895,0.8520061504007267,0.8993492363536925,0.8409614663165228,0.5655039324962254,0.2267002518891687,0.2768729641693811,20,0.6775818639798489,0.7166123778501629,773
H3K4me3,cluster,model_oracle,HyenaDNA-small-32k best-of-9 ON TEST (L2_mean),0.8752813655608553,0.8538741154052427,0.8979493922525477,0.8536162173749933,0.5913867283882014,0.1486146095717884,0.1824104234527687,27,0.6775818639798489,0.7198697068403909,773
H3K4me3,random,trivial,best trivial: kmer4,0.893245414379435,0.8696871332470151,0.9126087734680616,0.8900856875083679,0.6455372504010598,0.3711340206185567,0.3727034120734908,12,0.7190721649484536,0.7244094488188977,773
H3K4me3,random,trivial,trivial: onehot,0.7643057972954881,0.7357554395652683,0.7941311296147996,0.7343687240594456,0.3764534981106033,0.1829896907216494,0.1837270341207349,28,0.4922680412371134,0.4960629921259842,773
H3K4me3,random,trivial,trivial: kmer5,0.8924487883250769,0.8670181794355989,0.911216246483286,0.8886530994778417,0.630013187768918,0.3634020618556701,0.3648293963254593,12,0.7216494845360825,0.7270341207349081,773
H3K4me3,random,trivial,trivial: pwm,0.8194470477975633,0.7921056405795435,0.8483713225244182,0.8120230285178739,0.5006459991677371,0.1752577319587628,0.1758530183727034,32,0.5154639175257731,0.5196850393700787,773
H3K4me3,random,model,NT-v2-50M train-CV config (L6_mean),0.907383853260142,0.8829272547358068,0.925016661505776,0.8932588030526175,0.6765853756653432,0.4690721649484536,0.4724409448818897,9,0.7628865979381443,0.7690288713910761,773
H3K4me3,random,model,"NT-v2-50M final layer, mean (L12_mean)",0.9017204445039496,0.8791027510715504,0.9204728026299036,0.8941022894631141,0.6455372504010598,0.4587628865979381,0.4619422572178477,12,0.7371134020618557,0.7401574803149606,773
H3K4me3,random,model_oracle,NT-v2-50M best-of-9 ON TEST (L6_cls),0.9163408756192262,0.8966997013872298,0.9332165781221532,0.8383719373410096,0.6765853756653432,0.4922680412371134,0.4960629921259842,12,0.770618556701031,0.7716535433070866,773
H3K4me3,random,model,HyenaDNA-small-32k train-CV config (L3_mean),0.90667425358147,0.8877369653645019,0.9242625356099982,0.8766032936136029,0.6714106881212959,0.3891752577319587,0.3937007874015748,12,0.7345360824742269,0.7375328083989501,773
H3K4me3,random,model,"HyenaDNA-small-32k final layer, mean (L4_mean)",0.9051077788191192,0.8841519547486757,0.9245193354213318,0.8710737715892356,0.6714106881212959,0.3041237113402061,0.3070866141732283,19,0.7577319587628866,0.7585301837270341,773
H3K4me3,random,model_oracle,HyenaDNA-small-32k best-of-9 ON TEST (L3_mean),0.90667425358147,0.8877369653645019,0.9242625356099982,0.8766032936136029,0.6714106881212959,0.3891752577319587,0.3937007874015748,12,0.7345360824742269,0.7375328083989501,773
