task,split,features,family,n_train,n_test,n_features,orient,C,auc_lo,auc_hi,auc,mcc,tpr@1,clustercov@1,missrun@1,tpr@10,clustercov@10,missrun@10
promoter_all,shipped,pwm,trivial,8000,1571,2400,fwd,,0.8891228810428425,0.9210367893566945,0.9059416371675679,0.648648517610224,0.3661616161616162,0.4805447470817121,19,0.7563131313131313,0.8326848249027238,4
promoter_all,shipped,pwm,trivial,8000,1571,2400,rc,,,,0.8950934246184568,0.6206399145232812,0.36742424242424243,0.4766536964980545,19,0.7462121212121212,0.8210116731517509,4
promoter_all,shipped,gc_cpg,trivial,8000,1571,2,fwd,3.0,0.8841044334728176,0.9198461309135135,0.9033564139469147,0.6410098076774214,0.4027777777777778,0.5330739299610895,11,0.7487373737373737,0.8268482490272373,7
promoter_all,shipped,gc_cpg,trivial,8000,1571,2,rc,3.0,,,0.9033564139469147,0.6410098076774214,0.4027777777777778,0.5330739299610895,11,0.7487373737373737,0.8268482490272373,7
promoter_all,shipped,kmer3,trivial,8000,1571,64,fwd,0.3,0.9003020120447793,0.931061732177921,0.9157979019981588,0.6792033573414342,0.4810606060606061,0.6167315175097277,9,0.7790404040404041,0.8501945525291829,4
promoter_all,shipped,kmer3,trivial,8000,1571,64,rc,0.3,,,0.908259423503326,0.6664721741200966,0.5025252525252525,0.6361867704280155,9,0.7575757575757576,0.8326848249027238,5
promoter_all,shipped,kmer4,trivial,8000,1571,256,fwd,0.003,0.9082821100636619,0.9404387290515964,0.925548812904397,0.6995732504955745,0.5164141414141414,0.6498054474708171,9,0.7916666666666666,0.8599221789883269,4
promoter_all,shipped,kmer4,trivial,8000,1571,256,rc,0.003,,,0.9143002554427457,0.6792033573414342,0.4532828282828283,0.585603112840467,10,0.7929292929292929,0.857976653696498,4
promoter_all,shipped,kmer5,trivial,8000,1571,1024,fwd,0.003,0.9097556599157133,0.9377727711055033,0.9237399670647424,0.6893883039185044,0.49873737373737376,0.6381322957198443,9,0.7651515151515151,0.8443579766536965,6
promoter_all,shipped,kmer5,trivial,8000,1571,1024,rc,0.003,,,0.9094004875455454,0.6741108840528992,0.4393939393939394,0.5817120622568094,17,0.7651515151515151,0.8521400778210116,6
promoter_all,shipped,kmer6,trivial,8000,1571,4096,fwd,0.003,0.8950237972744381,0.9259165005087567,0.9126518717340284,0.6741108840528992,0.4217171717171717,0.5622568093385214,13,0.7727272727272727,0.8501945525291829,4
promoter_all,shipped,kmer6,trivial,8000,1571,4096,rc,0.003,,,0.8985198584043256,0.653740990898759,0.398989898989899,0.5330739299610895,10,0.7462121212121212,0.8346303501945526,6
promoter_all,shipped,onehot,trivial,8000,1571,1200,fwd,0.003,0.9033015290687441,0.9305575096814993,0.9185500706681708,0.702119487139842,0.29419191919191917,0.39883268482490275,27,0.773989898989899,0.8696498054474708,4
promoter_all,shipped,onehot,trivial,8000,1571,1200,rc,0.003,,,0.8410598280623955,0.5493452884837905,0.29292929292929293,0.39299610894941633,18,0.6186868686868687,0.7198443579766537,6
promoter_all,cluster,pwm,trivial,8000,1571,2400,fwd,,0.8918288382842665,0.9214761660490582,0.9058644676533703,0.6575484556979024,0.5210727969348659,0.5840867992766727,8,0.7637292464878672,0.7956600361663653,3
promoter_all,cluster,pwm,trivial,8000,1571,2400,rc,,,,0.8984204316341546,0.6346329944467868,0.49169859514687103,0.5551537070524413,8,0.7573435504469987,0.7920433996383364,3
promoter_all,cluster,gc_cpg,trivial,8000,1571,2,fwd,0.3,0.8876960672408782,0.920226693856183,0.9034819871508126,0.6410034910553184,0.6066411238825032,0.6763110307414105,7,0.7701149425287356,0.7956600361663653,4
promoter_all,cluster,gc_cpg,trivial,8000,1571,2,rc,0.3,,,0.9034819871508126,0.6410034910553184,0.6066411238825032,0.6763110307414105,7,0.7701149425287356,0.7956600361663653,4
promoter_all,cluster,kmer3,trivial,8000,1571,64,fwd,0.03,0.8981873219481962,0.9279234662224896,0.9136666861154871,0.6626407804203726,0.611749680715198,0.6889692585895117,6,0.7994891443167306,0.8318264014466547,4
promoter_all,cluster,kmer3,trivial,8000,1571,64,rc,0.03,,,0.9071432275965796,0.6651869427816077,0.6206896551724138,0.6889692585895117,7,0.7931034482758621,0.8209764918625678,4
promoter_all,cluster,kmer4,trivial,8000,1571,256,fwd,0.003,0.9066666836174186,0.9348381858130286,0.9213214176893505,0.6931947287551935,0.6347381864623244,0.7124773960216998,6,0.7982120051085568,0.833634719710669,4
promoter_all,cluster,kmer4,trivial,8000,1571,256,rc,0.003,,,0.9110443368276382,0.6651869427816077,0.6053639846743295,0.6763110307414105,7,0.7994891443167306,0.8282097649186256,3
promoter_all,cluster,kmer5,trivial,8000,1571,1024,fwd,0.003,0.9113359483162199,0.9369097210600339,0.9246682355381813,0.675371592226548,0.6130268199233716,0.6943942133815552,7,0.8084291187739464,0.8535262206148282,3
promoter_all,cluster,kmer5,trivial,8000,1571,1024,rc,0.003,,,0.9165191797784132,0.6804639169490181,0.6168582375478927,0.6853526220614828,7,0.8058748403575989,0.840867992766727,3
promoter_all,cluster,kmer6,trivial,8000,1571,4096,fwd,0.003,0.8955123779863691,0.927219806006868,0.9115889037996512,0.6677331051428428,0.5977011494252874,0.6708860759493671,8,0.7867177522349936,0.8282097649186256,4
promoter_all,cluster,kmer6,trivial,8000,1571,4096,rc,0.003,,,0.9042599399679743,0.6651869427816077,0.5210727969348659,0.6003616636528029,11,0.7816091954022989,0.8155515370705244,4
promoter_all,cluster,onehot,trivial,8000,1571,1200,fwd,0.003,0.9007074129285811,0.9301348085170588,0.916170721745726,0.675371592226548,0.5440613026819924,0.6166365280289331,7,0.7867177522349936,0.8173598553345389,3
promoter_all,cluster,onehot,trivial,8000,1571,1200,rc,0.003,,,0.8517465040745279,0.5607942859709696,0.40485312899106,0.4629294755877034,10,0.6666666666666666,0.7142857142857143,8
promoter_all,random,pwm,trivial,8000,1571,2400,fwd,,0.8848993813530223,0.9140053015956252,0.9007729531356566,0.6123312635802777,0.5272969374167776,0.5350756533700137,8,0.7696404793608522,0.7757909215955984,3
promoter_all,random,pwm,trivial,8000,1571,2400,rc,,,,0.8917118638563216,0.6123312635802777,0.5272969374167776,0.5364511691884457,8,0.7563249001331558,0.7620357634112792,5
promoter_all,random,gc_cpg,trivial,8000,1571,2,fwd,0.03,0.8851315057307285,0.9132835762298614,0.8998027020882726,0.619977090167253,0.5978695073235686,0.6079779917469051,8,0.7643142476697736,0.7716643741403026,6
promoter_all,random,gc_cpg,trivial,8000,1571,2,rc,0.03,,,0.8998027020882726,0.619977090167253,0.5978695073235686,0.6079779917469051,8,0.7643142476697736,0.7716643741403026,6
promoter_all,random,kmer3,trivial,8000,1571,64,fwd,0.03,0.9023377229023861,0.930258071286237,0.9164512357507065,0.6556576142398046,0.5952063914780293,0.6038514442916093,6,0.7882822902796272,0.796423658872077,5
promoter_all,random,kmer3,trivial,8000,1571,64,rc,0.03,,,0.9096927673670879,0.6505603965151544,0.6151797603195739,0.6258596973865199,6,0.7736351531291611,0.781292984869326,5
promoter_all,random,kmer4,trivial,8000,1571,256,fwd,0.003,0.908328440477439,0.9351970305507942,0.921634568542756,0.6734978762760805,0.59254327563249,0.6038514442916093,6,0.796271637816245,0.8005502063273727,5
promoter_all,random,kmer4,trivial,8000,1571,256,rc,0.003,,,0.9135396706829919,0.6429145699281791,0.6338215712383488,0.6451169188445667,6,0.7802929427430093,0.7854195323246217,4
promoter_all,random,kmer5,trivial,8000,1571,1024,fwd,0.003,0.9103039995091615,0.9359532085148766,0.922849209184502,0.6862409205877061,0.6005326231691078,0.6121045392022009,6,0.7949400798934754,0.7991746905089409,5
promoter_all,random,kmer5,trivial,8000,1571,1024,rc,0.003,,,0.9081549803514015,0.6505603965151544,0.6098535286284953,0.6217331499312242,6,0.7656458055925432,0.7716643741403026,4
promoter_all,random,kmer6,trivial,8000,1571,4096,fwd,0.003,0.8966517395401006,0.9240651762281458,0.91009873014842,0.6429145699281791,0.59254327563249,0.6038514442916093,7,0.7696404793608522,0.7757909215955984,4
promoter_all,random,kmer6,trivial,8000,1571,4096,rc,0.003,,,0.8916615244714363,0.6097826547179526,0.5619174434087882,0.5722145804676754,8,0.7523302263648469,0.7592847317744154,6
promoter_all,random,onehot,trivial,8000,1571,1200,fwd,0.003,0.9035782589203482,0.9292305852959931,0.9168815562989183,0.6658520496891052,0.5565912117177098,0.562585969738652,9,0.7563249001331558,0.7620357634112792,6
promoter_all,random,onehot,trivial,8000,1571,1200,rc,0.003,,,0.8482121399110129,0.5180327356742482,0.3249001331557923,0.3328748280605227,15,0.6524633821571239,0.6588720770288858,6
promoter_tata,shipped,pwm,trivial,5059,212,2400,fwd,,0.8872140853234272,0.9576390924210726,0.9234603061587754,0.6415094339622641,0.4716981132075472,0.49019607843137253,8,0.7169811320754716,0.7450980392156863,3
promoter_tata,shipped,pwm,trivial,5059,212,2400,rc,,,,0.8919544321822713,0.5660377358490566,0.29245283018867924,0.30392156862745096,19,0.6509433962264151,0.6764705882352942,3
promoter_tata,shipped,gc_cpg,trivial,5059,212,2,fwd,3.0,0.8526577647496558,0.9381491261100714,0.8963599145603418,0.6037735849056604,0.4716981132075472,0.49019607843137253,8,0.6792452830188679,0.7058823529411765,3
promoter_tata,shipped,gc_cpg,trivial,5059,212,2,rc,3.0,,,0.8963599145603418,0.6037735849056604,0.4716981132075472,0.49019607843137253,8,0.6792452830188679,0.7058823529411765,3
promoter_tata,shipped,kmer3,trivial,5059,212,64,fwd,3.0,0.8502052412275279,0.9323290729335211,0.88937344250623,0.6037735849056604,0.46226415094339623,0.4803921568627451,8,0.660377358490566,0.6862745098039216,3
promoter_tata,shipped,kmer3,trivial,5059,212,64,rc,3.0,,,0.8849234603061589,0.5849056603773585,0.4811320754716981,0.5,8,0.6792452830188679,0.696078431372549,3
promoter_tata,shipped,kmer4,trivial,5059,212,256,fwd,0.003,0.8845544716482288,0.9547683219081239,0.9199003203987184,0.6415094339622641,0.5094339622641509,0.5294117647058824,7,0.6886792452830188,0.7058823529411765,4
promoter_tata,shipped,kmer4,trivial,5059,212,256,rc,0.003,,,0.9118013527945887,0.660377358490566,0.5188679245283019,0.5392156862745098,8,0.6698113207547169,0.6862745098039216,3
promoter_tata,shipped,kmer5,trivial,5059,212,1024,fwd,0.003,0.8777462943917532,0.9476895676015822,0.9130473478106087,0.6226415094339622,0.6320754716981132,0.6568627450980392,6,0.6792452830188679,0.7058823529411765,4
promoter_tata,shipped,kmer5,trivial,5059,212,1024,rc,0.003,,,0.8861694553221786,0.5660377358490566,0.49056603773584906,0.5098039215686274,8,0.6981132075471698,0.7058823529411765,4
promoter_tata,shipped,kmer6,trivial,5059,212,4096,fwd,0.003,0.8770345640419921,0.9481584738968052,0.9084193663225347,0.6037735849056604,0.4716981132075472,0.49019607843137253,6,0.660377358490566,0.6862745098039216,3
promoter_tata,shipped,kmer6,trivial,5059,212,4096,rc,0.003,,,0.8531505873976505,0.6226415094339622,0.2641509433962264,0.27450980392156865,16,0.6226415094339622,0.6372549019607843,4
promoter_tata,shipped,onehot,trivial,5059,212,1200,fwd,0.003,0.9583106747437791,0.9896372064538943,0.9737451050195799,0.7735849056603774,0.6698113207547169,0.6862745098039216,4,0.8867924528301887,0.8921568627450981,2
promoter_tata,shipped,onehot,trivial,5059,212,1200,rc,0.003,,,0.7501779992880029,0.33962264150943394,0.009433962264150943,0.00980392156862745,61,0.42452830188679247,0.4411764705882353,8
promoter_tata,cluster,pwm,trivial,5059,212,2400,fwd,,0.8039980251187148,0.9073008601497454,0.8591120658789833,0.5487348336412324,0.13157894736842105,0.1346153846153846,17,0.6052631578947368,0.6057692307692307,7
promoter_tata,cluster,pwm,trivial,5059,212,2400,rc,,,,0.825187969924812,0.5108910520108026,0.09649122807017543,0.09615384615384616,22,0.5701754385964912,0.5769230769230769,7
promoter_tata,cluster,gc_cpg,trivial,5059,212,2,fwd,0.3,0.7762177552794218,0.8859000789310939,0.8357500895094879,0.5298129428260175,0.2719298245614035,0.28846153846153844,12,0.5964912280701754,0.6153846153846154,6
promoter_tata,cluster,gc_cpg,trivial,5059,212,2,rc,0.3,,,0.8357500895094879,0.5298129428260175,0.2719298245614035,0.28846153846153844,12,0.5964912280701754,0.6153846153846154,6
promoter_tata,cluster,kmer3,trivial,5059,212,64,fwd,0.3,0.8113984028138154,0.9049277326893607,0.8622448979591837,0.5676567244564473,0.21929824561403508,0.23076923076923078,12,0.6666666666666666,0.6826923076923077,3
promoter_tata,cluster,kmer3,trivial,5059,212,64,rc,0.3,,,0.8632295023272467,0.5865786152716622,0.2982456140350877,0.3173076923076923,14,0.6491228070175439,0.6730769230769231,6
promoter_tata,cluster,kmer4,trivial,5059,212,256,fwd,0.003,0.8427787087260726,0.9297034658175963,0.8916040100250626,0.6811880693477368,0.3157894736842105,0.33653846153846156,12,0.6929824561403509,0.7211538461538461,3
promoter_tata,cluster,kmer4,trivial,5059,212,256,rc,0.003,,,0.8781775868242035,0.5865786152716622,0.39473684210526316,0.4230769230769231,7,0.6929824561403509,0.7211538461538461,6
promoter_tata,cluster,kmer5,trivial,5059,212,1024,fwd,0.003,0.8523674895202609,0.9409806955466189,0.9016290726817042,0.5865786152716622,0.34210526315789475,0.36538461538461536,7,0.6842105263157895,0.7307692307692307,3
promoter_tata,cluster,kmer5,trivial,5059,212,1024,rc,0.003,,,0.8631399928392409,0.5676567244564473,0.37719298245614036,0.40384615384615385,7,0.5789473684210527,0.6153846153846154,6
promoter_tata,cluster,kmer6,trivial,5059,212,4096,fwd,0.003,0.8627335254705132,0.9457480401844531,0.9090583601861798,0.643344287717307,0.3508771929824561,0.375,7,0.7280701754385965,0.7596153846153846,2
promoter_tata,cluster,kmer6,trivial,5059,212,4096,rc,0.003,,,0.8487289652703185,0.5108910520108026,0.2631578947368421,0.27884615384615385,12,0.6228070175438597,0.6634615384615384,5
promoter_tata,cluster,onehot,trivial,5059,212,1200,fwd,0.003,0.9082296019282634,0.9665195625953823,0.9405656999641961,0.7190318509781667,0.4824561403508772,0.5096153846153846,4,0.8070175438596491,0.8173076923076923,2
promoter_tata,cluster,onehot,trivial,5059,212,1200,rc,0.003,,,0.7423021840315072,0.35951592548908334,0.09649122807017543,0.09615384615384616,23,0.41228070175438597,0.4326923076923077,8
promoter_tata,random,pwm,trivial,5059,212,2400,fwd,,0.8322015260033012,0.9225950378108092,0.8798232960692391,0.5697001318001408,0.20212765957446807,0.20212765957446807,14,0.6808510638297872,0.6808510638297872,3
promoter_tata,random,pwm,trivial,5059,212,2400,rc,,,,0.8482690227190767,0.5507101274068027,0.2127659574468085,0.2127659574468085,14,0.6063829787234043,0.6063829787234043,4
promoter_tata,random,gc_cpg,trivial,5059,212,2,fwd,0.03,0.812584979632314,0.9134309166734705,0.8651280201947349,0.5992867130446529,0.26595744680851063,0.26595744680851063,11,0.648936170212766,0.648936170212766,6
promoter_tata,random,gc_cpg,trivial,5059,212,2,rc,0.03,,,0.8651280201947349,0.5992867130446529,0.26595744680851063,0.26595744680851063,11,0.648936170212766,0.648936170212766,6
promoter_tata,random,kmer3,trivial,5059,212,64,fwd,0.03,0.8314833628397684,0.923265812819814,0.8803642264695275,0.5697001318001408,0.39361702127659576,0.39361702127659576,10,0.6702127659574468,0.6702127659574468,6
promoter_tata,random,kmer3,trivial,5059,212,64,rc,0.03,,,0.8841507392715471,0.5886901361934788,0.2978723404255319,0.2978723404255319,11,0.6702127659574468,0.6702127659574468,5
promoter_tata,random,kmer4,trivial,5059,212,256,fwd,0.003,0.8651671649104681,0.9419109593686343,0.9079516768842408,0.6266701449801548,0.3404255319148936,0.3404255319148936,11,0.723404255319149,0.723404255319149,5
promoter_tata,random,kmer4,trivial,5059,212,256,rc,0.003,,,0.8994771006130545,0.6266701449801548,0.26595744680851063,0.26595744680851063,11,0.723404255319149,0.723404255319149,5
promoter_tata,random,kmer5,trivial,5059,212,1024,fwd,0.003,0.8683687788421699,0.9435400837214004,0.9109267940858276,0.6266701449801548,0.2553191489361702,0.2553191489361702,12,0.7127659574468085,0.7127659574468085,5
promoter_tata,random,kmer5,trivial,5059,212,1024,rc,0.003,,,0.8999278759466283,0.6266701449801548,0.35106382978723405,0.35106382978723405,8,0.7021276595744681,0.7021276595744681,5
promoter_tata,random,kmer6,trivial,5059,212,4096,fwd,0.003,0.8508473201805652,0.9312573631886264,0.894248106743599,0.6076801405868169,0.3723404255319149,0.3723404255319149,6,0.6595744680851063,0.6595744680851063,5
promoter_tata,random,kmer6,trivial,5059,212,4096,rc,0.003,,,0.8957807428777498,0.6456601493734929,0.425531914893617,0.425531914893617,8,0.6914893617021277,0.6914893617021277,5
promoter_tata,random,onehot,trivial,5059,212,1200,fwd,0.003,0.8971304264572798,0.9641592017061391,0.9349981968986658,0.740610171340183,0.4148936170212766,0.4148936170212766,10,0.8404255319148937,0.8404255319148937,2
promoter_tata,random,onehot,trivial,5059,212,1200,rc,0.003,,,0.7104219257122251,0.32283007468674646,0.07446808510638298,0.07446808510638298,40,0.3191489361702128,0.3191489361702128,12
enhancers,shipped,pwm,trivial,8000,2943,3200,fwd,,0.7138973609404108,0.7528630371748757,0.7320313907352065,0.3320047065026809,0.03372333103922918,0.04531410916580844,123,0.2856159669649002,0.3357363542739444,17
enhancers,shipped,pwm,trivial,8000,2943,3200,rc,,,,0.6995307094324633,0.2898674968315606,0.034411562284927734,0.046343975283213185,123,0.24569855471438404,0.2945417095777549,16
enhancers,shipped,gc_cpg,trivial,8000,2943,2,fwd,3.0,0.6872274660298476,0.726635294052269,0.705487604909075,0.28580718728452525,0.03234686854783207,0.04531410916580844,123,0.2629043358568479,0.309989701338826,16
enhancers,shipped,gc_cpg,trivial,8000,2943,2,rc,3.0,,,0.705487604909075,0.28580718728452525,0.03234686854783207,0.04531410916580844,123,0.2629043358568479,0.309989701338826,16
enhancers,shipped,kmer3,trivial,8000,2943,64,fwd,0.03,0.7420351898604106,0.7781985094779067,0.7589222945352593,0.3890938292829083,0.03372333103922918,0.05046343975283213,88,0.3379215416379904,0.40679711637487126,16
enhancers,shipped,kmer3,trivial,8000,2943,64,rc,0.03,,,0.7294193453027062,0.33472323615888216,0.04198210598761184,0.05973223480947477,126,0.3083275980729525,0.36766220391349125,16
enhancers,shipped,kmer4,trivial,8000,2943,256,fwd,0.003,0.7667022940736244,0.8027633256973082,0.7847318900492848,0.41763839067302205,0.04129387474191328,0.05870236869207003,102,0.38403303509979353,0.46138002059732236,11
enhancers,shipped,kmer4,trivial,8000,2943,256,rc,0.003,,,0.7520238155725022,0.37006412168949915,0.034411562284927734,0.04737384140061792,152,0.3296627666896077,0.4016477857878476,12
enhancers,shipped,kmer5,trivial,8000,2943,1024,fwd,0.003,0.7594933404018817,0.795149983112536,0.7780403423604023,0.4203569203292234,0.03509979353062629,0.04943357363542739,122,0.370956641431521,0.4490216271884655,13
enhancers,shipped,kmer5,trivial,8000,2943,1024,rc,0.003,,,0.7424112112408023,0.35919000306469395,0.03785271851342051,0.055612770339855816,144,0.29318651066758433,0.3707518022657055,22
enhancers,shipped,kmer6,trivial,8000,2943,4096,fwd,0.003,0.7306672022525506,0.771525737623221,0.7516418241361312,0.3564714734084926,0.024088093599449415,0.03604531410916581,134,0.33516861665519615,0.4232749742533471,18
enhancers,shipped,kmer6,trivial,8000,2943,4096,rc,0.003,,,0.7270322452505115,0.3306454416745802,0.02752924982794219,0.0411946446961895,157,0.3041982105987612,0.3903192584963955,24
enhancers,shipped,onehot,trivial,8000,2943,1600,fwd,0.003,0.7357483638492011,0.7714617581235189,0.7536298424458537,0.3809382403143044,0.04129387474191328,0.0607621009268795,128,0.321403991741225,0.40885684860968075,21
enhancers,shipped,onehot,trivial,8000,2943,1600,rc,0.003,,,0.6101738130320512,0.15394101402149518,0.030282174810736407,0.04325437693099897,161,0.20922229869236064,0.27188465499485065,28
enhancers,cluster,pwm,trivial,8000,2943,3200,fwd,,0.6900375194076713,0.7273431626928272,0.7097629596093523,0.3027952968277745,0.050066755674232306,0.0583596214511041,83,0.2590120160213618,0.2744479495268139,26
enhancers,cluster,pwm,trivial,8000,2943,3200,rc,,,,0.6698268972239803,0.24706080480420653,0.04539385847797063,0.05362776025236593,83,0.21895861148197596,0.23501577287066247,25
enhancers,cluster,gc_cpg,trivial,8000,2943,2,fwd,0.3,0.6575552400984289,0.6955684134811723,0.6768969929918092,0.2504232221380537,0.04138851802403204,0.04889589905362776,91,0.2336448598130841,0.2476340694006309,26
enhancers,cluster,gc_cpg,trivial,8000,2943,2,rc,0.3,,,0.6768969929918092,0.2504232221380537,0.04138851802403204,0.04889589905362776,91,0.2336448598130841,0.2476340694006309,26
enhancers,cluster,kmer3,trivial,8000,2943,64,fwd,0.03,0.7245189378005358,0.760017984493379,0.7405911457491189,0.3571704109971091,0.0520694259012016,0.0583596214511041,70,0.33311081441922563,0.36514195583596215,13
enhancers,cluster,kmer3,trivial,8000,2943,64,rc,0.03,,,0.7257053233607902,0.3340609874751419,0.036048064085447265,0.03943217665615142,92,0.2937249666221629,0.31782334384858046,17
enhancers,cluster,kmer4,trivial,8000,2943,256,fwd,0.003,0.7523440773930455,0.7860050259728532,0.7700865282891606,0.4115455251664437,0.06408544726301736,0.07097791798107256,86,0.3604806408544726,0.39353312302839116,13
enhancers,cluster,kmer4,trivial,8000,2943,256,rc,0.003,,,0.7498602519622473,0.3666860559767427,0.056742323097463285,0.06624605678233439,76,0.3257676902536716,0.35962145110410093,17
enhancers,cluster,kmer5,trivial,8000,2943,1024,fwd,0.003,0.7624702742417575,0.7953899267014478,0.7786386462226451,0.408826769457977,0.056742323097463285,0.062302839116719244,76,0.3938584779706275,0.4305993690851735,16
enhancers,cluster,kmer5,trivial,8000,2943,1024,rc,0.003,,,0.7514817911771635,0.37756107881060963,0.05540720961281709,0.06466876971608833,69,0.33444592790387184,0.3643533123028391,16
enhancers,cluster,kmer6,trivial,8000,2943,4096,fwd,0.003,0.7484609672031457,0.7815757503914674,0.7659402848550085,0.3843579680817764,0.062082777036048066,0.06861198738170347,99,0.3818424566088118,0.41719242902208203,18
enhancers,cluster,kmer6,trivial,8000,2943,4096,rc,0.003,,,0.7387432378118922,0.3462953881632422,0.07810413885180241,0.09227129337539432,73,0.3538050734312417,0.388801261829653,16
enhancers,cluster,onehot,trivial,8000,2943,1600,fwd,0.003,0.728895920291901,0.7634289996994593,0.7473286180882469,0.37348294524790954,0.06742323097463285,0.07965299684542587,72,0.34512683578104136,0.37381703470031546,17
enhancers,cluster,onehot,trivial,8000,2943,1600,rc,0.003,,,0.5925898891717214,0.13287306504860383,0.0260347129506008,0.030757097791798107,127,0.19225634178905207,0.21214511041009465,21
enhancers,random,pwm,trivial,8000,2943,3200,fwd,,0.6980656528897243,0.7353009869860866,0.7175303143380722,0.30615033768805605,0.04214819850441876,0.04299583911234397,97,0.2882392929979606,0.2912621359223301,15
enhancers,random,pwm,trivial,8000,2943,3200,rc,,,,0.6776769352407412,0.24906572355392664,0.04146838885112169,0.04230235783633842,97,0.2515295717199184,0.25450762829403606,15
enhancers,random,gc_cpg,trivial,8000,2943,2,fwd,3.0,0.6640669189944534,0.7009336753803149,0.6837552740667396,0.2606215221346267,0.037389530931339225,0.03814147018030513,97,0.2549286199864038,0.25728155339805825,15
enhancers,random,gc_cpg,trivial,8000,2943,2,rc,3.0,,,0.6837552740667396,0.2606215221346267,0.037389530931339225,0.03814147018030513,97,0.2549286199864038,0.25728155339805825,15
enhancers,random,kmer3,trivial,8000,2943,64,fwd,0.03,0.7400322902937795,0.7738577080000779,0.757339819850442,0.3809039990541779,0.046227056424201225,0.047156726768377254,106,0.37933378653976885,0.3828016643550624,16
enhancers,random,kmer3,trivial,8000,2943,64,rc,0.03,,,0.7406951053704962,0.35915747938403336,0.036709721278042146,0.036754507628294034,174,0.318830727396329,0.3231622746185853,15
enhancers,random,kmer4,trivial,8000,2943,256,fwd,0.003,0.7682404340363611,0.8008449504214677,0.7852762096178288,0.4379886131883073,0.08361658735554045,0.0839112343966713,54,0.39157036029911624,0.39667128987517336,12
enhancers,random,kmer4,trivial,8000,2943,256,rc,0.003,,,0.764680563355304,0.39721388880678626,0.06254248810333107,0.0638002773925104,66,0.35078178110129166,0.35436893203883496,12
enhancers,random,kmer5,trivial,8000,2943,1024,fwd,0.003,0.7761519344148965,0.8092659137793126,0.792713936836816,0.43662945570892325,0.09993201903467029,0.10124826629680998,56,0.42963970088375253,0.4320388349514563,9
enhancers,random,kmer5,trivial,8000,2943,1024,rc,0.003,,,0.7716010440989566,0.4067279911624745,0.07749830047586675,0.07905686546463246,38,0.36777702243371857,0.37309292649098474,10
enhancers,random,kmer6,trivial,8000,2943,4096,fwd,0.003,0.7468481885452279,0.7797664280082116,0.7626088064907043,0.3700307392191056,0.07409925220938138,0.07489597780859916,92,0.389530931339225,0.39528432732316227,10
enhancers,random,kmer6,trivial,8000,2943,4096,rc,0.003,,,0.7539500081281589,0.38498147149233,0.04758667573079538,0.04854368932038835,73,0.3344663494221618,0.33980582524271846,16
enhancers,random,onehot,trivial,8000,2943,1600,fwd,0.003,0.7246013652585082,0.7584965314984178,0.7437094515709515,0.3618757943428014,0.06662134602311352,0.06796116504854369,62,0.3392250169952413,0.34257975034674065,12
enhancers,random,onehot,trivial,8000,2943,1600,rc,0.003,,,0.5970659193686637,0.13897396772381995,0.028552005438477225,0.02912621359223301,115,0.19306594153636983,0.1955617198335645,28
splice_sites_all,shipped,pwm,trivial,8001,2976,7200,fwd,,0.791822054459939,0.8170906647248335,0.8053263469080413,0.47891594947311067,0.6088328075709779,0.7027491408934707,6,0.7034700315457413,0.7869415807560137,5
splice_sites_all,shipped,pwm,trivial,8001,2976,7200,rc,,,,0.6938315702632343,0.2863841128201004,0.3491062039957939,0.4518900343642612,21,0.3764458464773922,0.48281786941580757,21
splice_sites_all,shipped,gc_cpg,trivial,8001,2976,2,fwd,3.0,0.5960362730978738,0.6292826287524271,0.6127159336722348,0.12562674382590766,0.017875920084121977,0.027491408934707903,180,0.1377497371188223,0.16838487972508592,34
splice_sites_all,shipped,gc_cpg,trivial,8001,2976,2,rc,3.0,,,0.6127159336722348,0.12562674382590766,0.017875920084121977,0.027491408934707903,180,0.1377497371188223,0.16838487972508592,34
splice_sites_all,shipped,kmer3,trivial,8001,2976,64,fwd,0.03,0.6561782795931859,0.6841728605828343,0.6705742777410948,0.21359165298417668,0.019978969505783387,0.03264604810996564,385,0.18401682439537329,0.24570446735395188,22
splice_sites_all,shipped,kmer3,trivial,8001,2976,64,rc,0.03,,,0.660992798718871,0.19591143609060502,0.025236593059936908,0.041237113402061855,137,0.17981072555205047,0.2422680412371134,25
splice_sites_all,shipped,kmer4,trivial,8001,2976,256,fwd,0.003,0.6726387924508589,0.7006704251277813,0.6866974880402331,0.23924283069517271,0.025236593059936908,0.041237113402061855,170,0.20084121976866456,0.27835051546391754,21
splice_sites_all,shipped,kmer4,trivial,8001,2976,256,rc,0.003,,,0.6760789448747592,0.22138180621544715,0.015772870662460567,0.022336769759450172,195,0.1861198738170347,0.24742268041237114,22
splice_sites_all,shipped,kmer5,trivial,8001,2976,1024,fwd,0.003,0.6672804775830781,0.6931194123107511,0.6815920302897295,0.23296258363431363,0.010515247108307046,0.01718213058419244,208,0.15457413249211358,0.22852233676975944,27
splice_sites_all,shipped,kmer5,trivial,8001,2976,1024,rc,0.003,,,0.6673652425197462,0.21196584253496245,0.00946372239747634,0.015463917525773196,161,0.1366982124079916,0.1958762886597938,51
splice_sites_all,shipped,kmer6,trivial,8001,2976,4096,fwd,0.003,0.6310918810934065,0.6582733421573165,0.6451872858459274,0.18314984635785153,0.00946372239747634,0.015463917525773196,500,0.12092534174553102,0.1872852233676976,56
splice_sites_all,shipped,kmer6,trivial,8001,2976,4096,rc,0.003,,,0.6212435337517824,0.15878923866716346,0.00946372239747634,0.015463917525773196,194,0.13459516298633017,0.2027491408934708,42
splice_sites_all,shipped,onehot,trivial,8001,2976,2400,fwd,0.003,0.9542220390404641,0.9647810755417177,0.9597764123131238,0.7767887553675672,0.5709779179810726,0.6804123711340206,8,0.9043112513144059,0.9329896907216495,2
splice_sites_all,shipped,onehot,trivial,8001,2976,2400,rc,0.003,,,0.6891274272650795,0.19387962933569086,0.0452155625657203,0.07216494845360824,92,0.3333333333333333,0.45532646048109965,13
splice_sites_all,cluster,pwm,trivial,8001,2977,7200,fwd,,0.78021221322383,0.8043467417223632,0.7932926959354925,0.45869504974219766,0.5541211519364448,0.6017478152309613,9,0.663356504468719,0.7066167290886392,6
splice_sites_all,cluster,pwm,trivial,8001,2977,7200,rc,,,,0.6842118092351485,0.2814815755330694,0.3227408142999007,0.3533083645443196,16,0.3753723932472691,0.41448189762796506,16
splice_sites_all,cluster,gc_cpg,trivial,8001,2977,2,fwd,3.0,0.585750249418778,0.6189521369225658,0.6029483748696282,0.10537515737277015,0.01787487586891758,0.019975031210986267,188,0.1420059582919563,0.15730337078651685,34
splice_sites_all,cluster,gc_cpg,trivial,8001,2977,2,rc,3.0,,,0.6029483748696282,0.10537515737277015,0.01787487586891758,0.019975031210986267,188,0.1420059582919563,0.15730337078651685,34
splice_sites_all,cluster,kmer3,trivial,8001,2977,64,fwd,0.003,0.6332720133672171,0.6644239938155638,0.6521562723459599,0.1784277616214646,0.014895729890764648,0.018726591760299626,182,0.15988083416087387,0.18601747815230962,46
splice_sites_all,cluster,kmer3,trivial,8001,2977,64,rc,0.003,,,0.6536036903866034,0.1917831739429175,0.018867924528301886,0.02372034956304619,182,0.15789473684210525,0.18352059925093633,28
splice_sites_all,cluster,kmer4,trivial,8001,2977,256,fwd,0.003,0.6519580721851871,0.6812506605740446,0.6682121016448438,0.20153982526297123,0.014895729890764648,0.018726591760299626,178,0.14597815292949354,0.1735330836454432,32
splice_sites_all,cluster,kmer4,trivial,8001,2977,256,rc,0.003,,,0.666131838418916,0.20230101881613924,0.014895729890764648,0.018726591760299626,253,0.14796425024826215,0.1735330836454432,33
splice_sites_all,cluster,kmer5,trivial,8001,2977,1024,fwd,0.003,0.6440055885567528,0.673576347905966,0.6601971950111766,0.18344746292957725,0.012909632571996028,0.016229712858926344,252,0.1420059582919563,0.17228464419475656,39
splice_sites_all,cluster,kmer5,trivial,8001,2977,1024,rc,0.003,,,0.6588140469645754,0.19830560995006932,0.00893743793445879,0.011235955056179775,308,0.13306852035749753,0.1523096129837703,34
splice_sites_all,cluster,kmer6,trivial,8001,2977,4096,fwd,0.003,0.613685320691682,0.6447581901318613,0.6286283471732821,0.17260151963623524,0.006951340615690168,0.008739076154806492,498,0.10327706057596822,0.12609238451935081,37
splice_sites_all,cluster,kmer6,trivial,8001,2977,4096,rc,0.003,,,0.6347499146142175,0.16763050500546503,0.016881827209533268,0.019975031210986267,168,0.13704071499503476,0.16978776529338327,37
splice_sites_all,cluster,onehot,trivial,8001,2977,2400,fwd,0.003,0.9536705086171293,0.9637086773318031,0.9587286227594088,0.7782866100411278,0.4458788480635551,0.5081148564294632,7,0.9215491559086395,0.9388264669163545,2
splice_sites_all,cluster,onehot,trivial,8001,2977,2400,rc,0.003,,,0.7105195284674819,0.21798762922660683,0.05660377358490566,0.06991260923845194,63,0.323733862959285,0.3782771535580524,19
splice_sites_all,random,pwm,trivial,8000,2976,7200,fwd,,0.7719369018261436,0.7960875941543395,0.784430102519023,0.44065537751784556,0.5726660250240616,0.5760869565217391,8,0.6400384985563041,0.6432806324110671,6
splice_sites_all,random,pwm,trivial,8000,2976,7200,rc,,,,0.6719549226792934,0.24114463594165708,0.30317613089509143,0.3092885375494071,18,0.3426371511068335,0.3468379446640316,12
splice_sites_all,random,gc_cpg,trivial,8000,2976,2,fwd,3.0,0.5839925605117072,0.6138038315562833,0.5990192966674323,0.11745769189489447,0.02213666987487969,0.022727272727272728,132,0.15110683349374399,0.1551383399209486,33
splice_sites_all,random,gc_cpg,trivial,8000,2976,2,rc,3.0,,,0.5990192966674323,0.11745769189489447,0.02213666987487969,0.022727272727272728,132,0.15110683349374399,0.1551383399209486,33
splice_sites_all,random,kmer3,trivial,8000,2976,64,fwd,0.03,0.621969316486921,0.6527084398585175,0.6367607508856339,0.15024909389821875,0.01828681424446583,0.018774703557312252,195,0.14148219441770934,0.14525691699604742,42
splice_sites_all,random,kmer3,trivial,8000,2976,64,rc,0.03,,,0.6363162566683976,0.14495940998988788,0.015399422521655439,0.015810276679841896,231,0.12127045235803657,0.12450592885375494,31
splice_sites_all,random,kmer4,trivial,8000,2976,256,fwd,0.003,0.6427209237458539,0.6702947851599868,0.6557101353540521,0.16518702740777752,0.011549566891241578,0.011857707509881422,260,0.12993262752646775,0.13339920948616601,33
splice_sites_all,random,kmer4,trivial,8000,2976,256,rc,0.003,,,0.6556200408826524,0.18793992019072614,0.011549566891241578,0.011857707509881422,145,0.16361886429258904,0.16699604743083005,34
splice_sites_all,random,kmer5,trivial,8000,2976,1024,fwd,0.003,0.6382401740838277,0.6686854388622607,0.6536220453180283,0.17919149519130384,0.012512030798845043,0.012845849802371542,183,0.14436958614051973,0.1482213438735178,36
splice_sites_all,random,kmer5,trivial,8000,2976,1024,rc,0.003,,,0.6618014815548944,0.2138730921703034,0.02021174205967276,0.020750988142292492,182,0.15591915303176132,0.15711462450592886,26
splice_sites_all,random,kmer6,trivial,8000,2976,4096,fwd,0.003,0.6137788381663539,0.6447499083187869,0.6302567854421756,0.17807353833001646,0.011549566891241578,0.011857707509881422,195,0.12800769971126083,0.13142292490118576,37
splice_sites_all,random,kmer6,trivial,8000,2976,4096,rc,0.003,,,0.6399397005640793,0.1721511700874548,0.013474494706448507,0.01383399209486166,168,0.136669874879692,0.13932806324110672,33
splice_sites_all,random,onehot,trivial,8000,2976,2400,fwd,0.003,0.9534889630272596,0.9638171899230437,0.9592406583708808,0.793743113189306,0.5158806544754572,0.5276679841897233,9,0.9191530317613089,0.9199604743083004,2
splice_sites_all,random,onehot,trivial,8000,2976,2400,rc,0.003,,,0.7087080077733505,0.22613763488536195,0.04523580365736285,0.046442687747035576,100,0.3310875842155919,0.3339920948616601,12
H3K4me3,shipped,pwm,trivial,8000,773,8000,fwd,,0.7635827992077269,0.8326855466668667,0.8029789797831035,0.4592484988153592,0.12628865979381443,0.15946843853820597,40,0.5592783505154639,0.6046511627906976,13
H3K4me3,shipped,pwm,trivial,8000,773,8000,rc,,,,0.7957825679475163,0.4437244361832175,0.1134020618556701,0.14285714285714285,64,0.5360824742268041,0.574750830564784,13
H3K4me3,shipped,gc_cpg,trivial,8000,773,2,fwd,3.0,0.8073158000547181,0.8669703130609662,0.8379803186504218,0.5058206867117844,0.2036082474226804,0.24916943521594684,19,0.6237113402061856,0.6877076411960132,13
H3K4me3,shipped,gc_cpg,trivial,8000,773,2,rc,3.0,,,0.8379803186504218,0.5058206867117844,0.2036082474226804,0.24916943521594684,19,0.6237113402061856,0.6877076411960132,13
H3K4me3,shipped,kmer3,trivial,8000,773,64,fwd,0.3,0.8319167906763952,0.8832999491010274,0.8607310215557639,0.542043499520115,0.1958762886597938,0.23920265780730898,28,0.6365979381443299,0.7043189368770764,13
H3K4me3,shipped,kmer3,trivial,8000,773,64,rc,0.3,,,0.8413040567679744,0.5058206867117844,0.19845360824742267,0.2425249169435216,28,0.615979381443299,0.6777408637873754,13
H3K4me3,shipped,kmer4,trivial,8000,773,256,fwd,0.003,0.8349863323049611,0.8885853306686086,0.8658120230285178,0.5316941244320205,0.26288659793814434,0.31561461794019935,18,0.6469072164948454,0.707641196013289,13
H3K4me3,shipped,kmer4,trivial,8000,773,256,rc,0.003,,,0.8435801312089972,0.46959787390345364,0.2268041237113402,0.27906976744186046,18,0.6391752577319587,0.707641196013289,10
H3K4me3,shipped,kmer5,trivial,8000,773,1024,fwd,0.003,0.8401268789460508,0.8903475653619602,0.8670906413174455,0.5575675621522567,0.15463917525773196,0.19269102990033224,28,0.6649484536082474,0.7242524916943521,13
H3K4me3,shipped,kmer5,trivial,8000,773,1024,rc,0.003,,,0.8438947650287858,0.5265194368879733,0.18814432989690721,0.22591362126245848,19,0.6237113402061856,0.6843853820598007,11
H3K4me3,shipped,kmer6,trivial,8000,773,4096,fwd,0.003,0.8082495736623354,0.86589420075238,0.8408019815236312,0.5006459991677371,0.20876288659793815,0.25249169435215946,20,0.5876288659793815,0.654485049833887,11
H3K4me3,shipped,kmer6,trivial,8000,773,4096,rc,0.003,,,0.8426027580666755,0.5265194368879733,0.23195876288659795,0.27906976744186046,20,0.6005154639175257,0.6677740863787376,9
H3K4me3,shipped,onehot,trivial,8000,773,4000,fwd,0.003,0.72013145371164,0.7875820685168086,0.75947248627661,0.37645349811060336,0.059278350515463915,0.07641196013289037,64,0.4690721649484536,0.5249169435215947,14
H3K4me3,shipped,onehot,trivial,8000,773,4000,rc,0.003,,,0.7269447047797564,0.31953193512608374,0.10309278350515463,0.12956810631229235,72,0.36597938144329895,0.4119601328903654,18
H3K4me3,cluster,pwm,trivial,8000,773,8000,fwd,,0.7669468089906836,0.8278869846636516,0.794482555335227,0.42573683467955514,0.27455919395465994,0.2996742671009772,18,0.5037783375314862,0.5374592833876222,10
H3K4me3,cluster,pwm,trivial,8000,773,8000,rc,,,,0.7884465941368777,0.42056027550116,0.2367758186397985,0.2703583061889251,22,0.5037783375314862,0.5342019543973942,11
H3K4me3,cluster,gc_cpg,trivial,8000,773,2,fwd,3.0,0.8183146476051064,0.8738625535972548,0.8445354788573879,0.5033852223554831,0.21158690176322417,0.25732899022801303,20,0.6221662468513854,0.6644951140065146,5
H3K4me3,cluster,gc_cpg,trivial,8000,773,2,rc,3.0,,,0.8445354788573879,0.5033852223554831,0.21158690176322417,0.25732899022801303,20,0.6221662468513854,0.6644951140065146,5
H3K4me3,cluster,kmer3,trivial,8000,773,64,fwd,0.03,0.8538887811894001,0.8997155240448945,0.8753081622809368,0.5862101692098062,0.21662468513853905,0.26058631921824105,20,0.6397984886649875,0.6840390879478827,5
H3K4me3,cluster,kmer3,trivial,8000,773,64,rc,0.03,,,0.873405595155153,0.606916405923387,0.22670025188916876,0.2736156351791531,20,0.6473551637279596,0.6840390879478827,6
H3K4me3,cluster,kmer4,trivial,8000,773,256,fwd,0.003,0.8485000793933704,0.8987650771446274,0.8729433517337478,0.5913867283882014,0.20654911838790932,0.254071661237785,20,0.6523929471032746,0.7035830618892508,5
H3K4me3,cluster,kmer4,trivial,8000,773,256,rc,0.003,,,0.863289833324401,0.5758570508530159,0.20906801007556675,0.254071661237785,20,0.672544080604534,0.7100977198697068,6
H3K4me3,cluster,kmer5,trivial,8000,773,1024,fwd,0.003,0.8363429995862589,0.8871218652541837,0.8610791039176805,0.5913867283882014,0.12342569269521411,0.15309446254071662,31,0.6272040302267002,0.6710097719869706,7
H3K4me3,cluster,kmer5,trivial,8000,773,1024,rc,0.003,,,0.8600407310145238,0.5758570508530159,0.13602015113350127,0.16938110749185667,37,0.654911838790932,0.6938110749185668,6
H3K4me3,cluster,kmer6,trivial,8000,773,4096,fwd,0.003,0.8273744233783284,0.8798085349267378,0.8527989174125087,0.581033610031411,0.060453400503778336,0.0781758957654723,53,0.6120906801007556,0.6514657980456026,5
H3K4me3,cluster,kmer6,trivial,8000,773,4096,rc,0.003,,,0.8428573342622863,0.555150814139435,0.06801007556675064,0.08794788273615635,61,0.6372795969773299,0.6840390879478827,5
H3K4me3,cluster,onehot,trivial,8000,773,4000,fwd,0.003,0.7266904609496484,0.7875416643721918,0.7586352430462512,0.3584415653604176,0.1712846347607053,0.1986970684039088,25,0.3879093198992443,0.41368078175895767,10
H3K4me3,cluster,onehot,trivial,8000,773,4000,rc,0.003,,,0.6978401843614342,0.2652635001493041,0.0982367758186398,0.1237785016286645,39,0.4005037783375315,0.4495114006514658,9
H3K4me3,random,pwm,trivial,8000,773,8000,fwd,,0.7921056405795435,0.8483713225244182,0.8194470477975633,0.5006459991677371,0.17525773195876287,0.17585301837270342,32,0.5154639175257731,0.5196850393700787,7
H3K4me3,random,pwm,trivial,8000,773,8000,rc,,,,0.8120230285178739,0.49547131162368985,0.18298969072164947,0.1837270341207349,32,0.520618556701031,0.5249343832020997,7
H3K4me3,random,gc_cpg,trivial,8000,773,2,fwd,3.0,0.8442864218696469,0.8893965424745071,0.8675826750569018,0.5679169372403512,0.3170103092783505,0.31758530183727035,12,0.6675257731958762,0.6745406824146981,4
H3K4me3,random,gc_cpg,trivial,8000,773,2,rc,3.0,,,0.8675826750569018,0.5679169372403512,0.3170103092783505,0.31758530183727035,12,0.6675257731958762,0.6745406824146981,4
H3K4me3,random,kmer3,trivial,8000,773,64,fwd,0.03,0.8654073840720886,0.9102143882104979,0.8915383585486678,0.630013187768918,0.3247422680412371,0.32808398950131235,13,0.6907216494845361,0.6981627296587927,5
H3K4me3,random,kmer3,trivial,8000,773,64,rc,0.03,,,0.8854532065872273,0.6196638126808236,0.3711340206185567,0.37270341207349084,12,0.6572164948453608,0.6640419947506562,4
H3K4me3,random,kmer4,trivial,8000,773,256,fwd,0.003,0.8696871332470151,0.9126087734680615,0.893245414379435,0.6455372504010598,0.3711340206185567,0.37270341207349084,12,0.7190721649484536,0.7244094488188977,5
H3K4me3,random,kmer4,trivial,8000,773,256,rc,0.003,,,0.8900856875083679,0.6351878753129653,0.38144329896907214,0.38320209973753283,12,0.6881443298969072,0.6929133858267716,4
H3K4me3,random,kmer5,trivial,8000,773,1024,fwd,0.003,0.8670181794355989,0.9112162464832859,0.8924487883250769,0.630013187768918,0.3634020618556701,0.3648293963254593,12,0.7216494845360825,0.7270341207349081,5
H3K4me3,random,kmer5,trivial,8000,773,1024,rc,0.003,,,0.8886530994778417,0.6196638126808236,0.41237113402061853,0.4146981627296588,12,0.7190721649484536,0.7244094488188977,4
H3K4me3,random,kmer6,trivial,8000,773,4096,fwd,0.003,0.8552224570784805,0.8990280731191905,0.8780760476636764,0.5834409998724929,0.28350515463917525,0.2887139107611549,16,0.6752577319587629,0.6797900262467191,7
H3K4me3,random,kmer6,trivial,8000,773,4096,rc,0.003,,,0.8607176328825814,0.5782663123284456,0.29381443298969073,0.29396325459317585,13,0.6649484536082474,0.6692913385826772,5
H3K4me3,random,onehot,trivial,8000,773,4000,fwd,0.003,0.7357554395652683,0.7941311296147996,0.7643057972954881,0.37645349811060336,0.18298969072164947,0.1837270341207349,28,0.49226804123711343,0.49606299212598426,6
H3K4me3,random,onehot,trivial,8000,773,4000,rc,0.003,,,0.7343687240594456,0.34023068530227274,0.1134020618556701,0.11548556430446194,70,0.38917525773195877,0.3910761154855643,10
