task,reward,seed,batches,final,n,mean_score,specificity_regret,crosstalk_rate,success_rate,mean_on_target,mean_off_target,reward_achieved
cognate,affinity,0,0,0,60,0.49113500111666664,0.6270188168833333,0.3,0.6,0.9051535352333334,0.41401853411666667,0.9051535352333334
cognate,affinity,0,25,0,60,0.4979716177833334,0.6201822002166666,0.36666666666666664,0.6,0.9403948175166669,0.4424231997333334,0.9403948175166669
cognate,affinity,0,50,0,60,0.46796788998333333,0.6501859280166666,0.35,0.5833333333333334,0.91923316475,0.4512652747666666,0.91923316475
cognate,affinity,0,75,0,60,0.4318060657666666,0.6863477522333333,0.48333333333333334,0.5,0.9369662086333332,0.5051601428666667,0.9369662086333332
cognate,affinity,0,100,0,60,0.4027158058833333,0.7154380121166666,0.48333333333333334,0.45,0.91865897625,0.5159431703666666,0.91865897625
cognate,affinity,0,125,0,60,0.4004126556333334,0.7177411623666665,0.55,0.4,0.9115700854166666,0.5111574297833333,0.9115700854166666
cognate,affinity,0,150,0,60,0.4889033389833333,0.6292504790166666,0.38333333333333336,0.5833333333333334,0.9336926340999999,0.4447892951166666,0.9336926340999999
cognate,affinity,0,0,1,200,0.51449094201,0.6036628759899999,0.33,0.605,0.91466961711,0.40017867510000005,0.91466961711
cognate,affinity,0,150,1,200,0.44984067152999996,0.66831314647,0.445,0.535,0.9363377314100001,0.48649705988,0.9363377314100001
cognate,affinity,1,0,0,60,0.5341861308333333,0.5839676871666666,0.3333333333333333,0.6166666666666667,0.9233823503166668,0.38919621948333327,0.9233823503166668
cognate,affinity,1,25,0,60,0.41318461589999994,0.7049692021,0.43333333333333335,0.5333333333333333,0.9171974882166667,0.5040128723166667,0.9171974882166667
cognate,affinity,1,50,0,60,0.48380664805,0.6343471699499998,0.45,0.5166666666666667,0.9357260793,0.45191943125,0.9357260793
cognate,affinity,1,75,0,60,0.49412969524999995,0.62402412275,0.3333333333333333,0.6333333333333333,0.9191161277166666,0.4249864324666666,0.9191161277166666
cognate,affinity,1,100,0,60,0.48154142963333335,0.6366123883666666,0.36666666666666664,0.5833333333333334,0.9332364647833332,0.45169503515,0.9332364647833332
cognate,affinity,1,125,0,60,0.4735504829166667,0.6446033350833332,0.4,0.6,0.9443004763833334,0.47074999346666674,0.9443004763833334
cognate,affinity,1,150,0,60,0.48999696904999995,0.62815684895,0.35,0.6333333333333333,0.9274342460166667,0.43743727696666657,0.9274342460166667
cognate,affinity,1,0,1,200,0.49916294379,0.6189908742099999,0.335,0.63,0.9229515836400001,0.42378863985000004,0.9229515836400001
cognate,affinity,1,150,1,200,0.41409672003,0.7040570979699999,0.485,0.465,0.92886016082,0.51476344079,0.92886016082
cognate,affinity,10,0,0,60,0.48549372295,0.6326600950499999,0.3333333333333333,0.65,0.9199054874833333,0.43441176453333336,0.9199054874833333
cognate,affinity,10,25,0,60,0.37325488331666673,0.7448989346833332,0.5166666666666667,0.43333333333333335,0.9150370990333333,0.5417822157166666,0.9150370990333333
cognate,affinity,10,50,0,60,0.42853739650000006,0.6896164214999998,0.4666666666666667,0.48333333333333334,0.9285804637166668,0.5000430672166666,0.9285804637166668
cognate,affinity,10,75,0,60,0.4827980433833333,0.6353557746166666,0.36666666666666664,0.6,0.9305665270666668,0.4477684836833334,0.9305665270666668
cognate,affinity,10,100,0,60,0.4320448670499999,0.68610895095,0.4666666666666667,0.48333333333333334,0.9224369613833333,0.49039209433333325,0.9224369613833333
cognate,affinity,10,125,0,60,0.4389578127666667,0.6791960052333332,0.4666666666666667,0.5333333333333333,0.9308427430833334,0.4918849303166667,0.9308427430833334
cognate,affinity,10,150,0,60,0.5154152313833333,0.6027385866166666,0.3333333333333333,0.6,0.92091420605,0.40549897466666657,0.92091420605
cognate,affinity,10,0,1,200,0.471278669955,0.6468751480449999,0.385,0.595,0.9240480051500001,0.45276933519500007,0.9240480051500001
cognate,affinity,10,150,1,200,0.5042756938299999,0.61387812417,0.345,0.62,0.9326943555699999,0.42841866174000004,0.9326943555699999
cognate,affinity,11,0,0,60,0.5498738476333335,0.5682799703666664,0.26666666666666666,0.6666666666666666,0.9130955801833333,0.36322173254999995,0.9130955801833333
cognate,affinity,11,25,0,60,0.46883293403333337,0.6493208839666665,0.38333333333333336,0.5333333333333333,0.9159029091166667,0.4470699750833333,0.9159029091166667
cognate,affinity,11,50,0,60,0.5591510904333333,0.5590027275666666,0.3,0.7,0.93253676715,0.37338567671666667,0.93253676715
cognate,affinity,11,75,0,60,0.5175018637500001,0.6006519542499998,0.35,0.5833333333333334,0.9289373712,0.41143550745,0.9289373712
cognate,affinity,11,100,0,60,0.6000219359333335,0.5181318820666664,0.23333333333333334,0.7333333333333333,0.9498309821166667,0.3498090461833333,0.9498309821166667
cognate,affinity,11,125,0,60,0.5589716818666666,0.5591821361333333,0.3333333333333333,0.65,0.9433834892499999,0.3844118073833333,0.9433834892499999
cognate,affinity,11,150,0,60,0.45617927531666674,0.6619745426833332,0.4,0.55,0.9296780246999999,0.4734987493833333,0.9296780246999999
cognate,affinity,11,0,1,200,0.5042699915100001,0.6138838264899998,0.315,0.645,0.9225148510999999,0.41824485959,0.9225148510999999
cognate,affinity,11,150,1,200,0.540698374065,0.5774554439349999,0.315,0.66,0.9421335218499999,0.401435147785,0.9421335218499999
cognate,affinity,12,0,0,60,0.4847554282,0.6333983898,0.3333333333333333,0.65,0.9244134358833332,0.43965800768333335,0.9244134358833332
cognate,affinity,12,25,0,60,0.48387124251666674,0.6342825754833332,0.38333333333333336,0.6,0.93452747255,0.4506562300333334,0.93452747255
cognate,affinity,12,50,0,60,0.5425369908666666,0.5756168271333333,0.3,0.6833333333333333,0.9424596185666666,0.3999226277,0.9424596185666666
cognate,affinity,12,75,0,60,0.5100403443499999,0.60811347365,0.36666666666666664,0.6166666666666667,0.93259410645,0.42255376209999995,0.93259410645
cognate,affinity,12,100,0,60,0.5394321987833334,0.5787216192166665,0.36666666666666664,0.6333333333333333,0.9580723673166667,0.4186401685333332,0.9580723673166667
cognate,affinity,12,125,0,60,0.5509260119333332,0.5672278060666667,0.3333333333333333,0.6666666666666666,0.9457860743166666,0.3948600623833333,0.9457860743166666
cognate,affinity,12,150,0,60,0.6129494938333334,0.5052043241666665,0.25,0.7333333333333333,0.9452281741,0.3322786802666666,0.9452281741
cognate,affinity,12,0,1,200,0.49495925993,0.6231945580699999,0.35,0.59,0.911404161455,0.41644490152499997,0.911404161455
cognate,affinity,12,150,1,200,0.514307459845,0.6038463581549999,0.36,0.625,0.938856161735,0.42454870189000005,0.938856161735
cognate,affinity,13,0,0,60,0.5148173705,0.6033364474999999,0.35,0.55,0.8996278991666667,0.38481052866666665,0.8996278991666667
cognate,affinity,13,25,0,60,0.5090322420666668,0.6091215759333332,0.35,0.6,0.9203095770333334,0.4112773349666667,0.9203095770333334
cognate,affinity,13,50,0,60,0.46237035425000006,0.6557834637499999,0.4,0.5833333333333334,0.9304527565833333,0.46808240233333337,0.9304527565833333
cognate,affinity,13,75,0,60,0.4649878358666667,0.6531659821333332,0.45,0.5166666666666667,0.9326922181,0.46770438223333327,0.9326922181
cognate,affinity,13,100,0,60,0.4558224786,0.6623313393999999,0.48333333333333334,0.5,0.9367452001,0.48092272149999993,0.9367452001
cognate,affinity,13,125,0,60,0.5679809410333334,0.5501728769666665,0.23333333333333334,0.7166666666666667,0.9199830846833333,0.35200214365,0.9199830846833333
cognate,affinity,13,150,0,60,0.5539512971666667,0.5642025208333332,0.31666666666666665,0.65,0.9377376132666666,0.38378631609999997,0.9377376132666666
cognate,affinity,13,0,1,200,0.49272003126999997,0.6254337867299999,0.335,0.61,0.91820616288,0.42548613161000004,0.91820616288
cognate,affinity,13,150,1,200,0.5337847193099999,0.58436909869,0.31,0.64,0.9252768361,0.39149211678999996,0.9252768361
cognate,affinity,14,0,0,60,0.5491881951666667,0.5689656228333332,0.2833333333333333,0.6666666666666666,0.9262585469833334,0.3770703518166666,0.9262585469833334
cognate,affinity,14,25,0,60,0.5146776332499999,0.60347618475,0.31666666666666665,0.6333333333333333,0.9179208581166666,0.40324322486666664,0.9179208581166666
cognate,affinity,14,50,0,60,0.44854260465000007,0.6696112133499998,0.43333333333333335,0.5333333333333333,0.9342838117833334,0.4857412071333333,0.9342838117833334
cognate,affinity,14,75,0,60,0.47206428628333336,0.6460895317166666,0.4166666666666667,0.55,0.9302851843333333,0.45822089804999994,0.9302851843333333
cognate,affinity,14,100,0,60,0.44808645758333326,0.6700673604166667,0.4,0.5833333333333334,0.9276307805999999,0.47954432301666666,0.9276307805999999
cognate,affinity,14,125,0,60,0.47572685375,0.6424269642499999,0.4166666666666667,0.55,0.9167112898166666,0.4409844360666667,0.9167112898166666
cognate,affinity,14,150,0,60,0.5165491771333334,0.6016046408666665,0.35,0.6166666666666667,0.9435051486500001,0.4269559715166667,0.9435051486500001
cognate,affinity,14,0,1,200,0.519133612355,0.5990202056449999,0.33,0.615,0.91850602007,0.399372407715,0.91850602007
cognate,affinity,14,150,1,200,0.453299275675,0.6648545423249999,0.455,0.52,0.9248527174700001,0.471553441795,0.9248527174700001
cognate,affinity,15,0,0,60,0.5397131481666667,0.5784406698333332,0.25,0.6833333333333333,0.9041128217666666,0.3643996736,0.9041128217666666
cognate,affinity,15,25,0,60,0.5109833329666668,0.6071704850333332,0.3,0.6166666666666667,0.9121619909500001,0.40117865798333335,0.9121619909500001
cognate,affinity,15,50,0,60,0.44860625519999997,0.6695475627999999,0.43333333333333335,0.5,0.9219838451,0.47337758989999995,0.9219838451
cognate,affinity,15,75,0,60,0.4494736187,0.6686801992999999,0.4,0.55,0.9281668293166667,0.47869321061666653,0.9281668293166667
cognate,affinity,15,100,0,60,0.5392242181166667,0.5789295998833333,0.35,0.6333333333333333,0.9444443845666668,0.40522016644999986,0.9444443845666668
cognate,affinity,15,125,0,60,0.5307220317333334,0.5874317862666665,0.2833333333333333,0.6833333333333333,0.93363363425,0.4029116025166666,0.93363363425
cognate,affinity,15,150,0,60,0.5305694455000001,0.5875843724999998,0.35,0.6,0.9348975879666666,0.4043281424666666,0.9348975879666666
cognate,affinity,15,0,1,200,0.506263110095,0.6118907079049999,0.33,0.6,0.9098893187199999,0.4036262086249999,0.9098893187199999
cognate,affinity,15,150,1,200,0.453310950835,0.664842867165,0.435,0.54,0.9340302253499999,0.480719274515,0.9340302253499999
cognate,affinity,2,0,0,60,0.47729775015000003,0.6408560678499999,0.38333333333333336,0.5833333333333334,0.9188937069333335,0.4415959567833333,0.9188937069333335
cognate,affinity,2,25,0,60,0.5383875826666666,0.5797662353333333,0.31666666666666665,0.65,0.9224959125333334,0.38410832986666665,0.9224959125333334
cognate,affinity,2,50,0,60,0.5633055672666668,0.5548482507333331,0.2833333333333333,0.6333333333333333,0.9188380438166668,0.3555324765499999,0.9188380438166668
cognate,affinity,2,75,0,60,0.4889689645166667,0.6291848534833332,0.4,0.5833333333333334,0.9336402870333331,0.44467132251666663,0.9336402870333331
cognate,affinity,2,100,0,60,0.5808938687166667,0.5372599492833332,0.25,0.7,0.9408410197666667,0.3599471510499999,0.9408410197666667
cognate,affinity,2,125,0,60,0.5522041292,0.5659496888,0.31666666666666665,0.6333333333333333,0.9340126505166666,0.3818085213166666,0.9340126505166666
cognate,affinity,2,150,0,60,0.5035277137,0.6146261042999999,0.38333333333333336,0.5666666666666667,0.9263280284666667,0.4228003147666667,0.9263280284666667
cognate,affinity,2,0,1,200,0.47734911618,0.6408047018199999,0.405,0.55,0.928782139665,0.45143302348500003,0.928782139665
cognate,affinity,2,150,1,200,0.46802947336500006,0.6501243446349998,0.41,0.545,0.930883531115,0.46285405775,0.930883531115
cognate,affinity,3,0,0,60,0.4608009535833333,0.6573528644166666,0.4166666666666667,0.55,0.9359203813666669,0.4751194277833333,0.9359203813666669
cognate,affinity,3,25,0,60,0.4086985054666666,0.7094553125333334,0.5,0.4666666666666667,0.9253020090999999,0.5166035036333333,0.9253020090999999
cognate,affinity,3,50,0,60,0.4741408852,0.6440129327999999,0.3333333333333333,0.5833333333333334,0.9131400096166667,0.4389991244166666,0.9131400096166667
cognate,affinity,3,75,0,60,0.4381158222,0.6800379957999999,0.4166666666666667,0.5666666666666667,0.9272352863666667,0.4891194641666667,0.9272352863666667
cognate,affinity,3,100,0,60,0.44562827498333335,0.6725255430166666,0.38333333333333336,0.5166666666666667,0.9149876163833334,0.46935934139999996,0.9149876163833334
cognate,affinity,3,125,0,60,0.5779527084833334,0.5402011095166666,0.2833333333333333,0.6833333333333333,0.9256119939833334,0.34765928549999997,0.9256119939833334
cognate,affinity,3,150,0,60,0.5517004843833333,0.5664533336166666,0.3333333333333333,0.6166666666666667,0.9313100278999998,0.37960954351666665,0.9313100278999998
cognate,affinity,3,0,1,200,0.50127399783,0.6168798201699999,0.35,0.57,0.91094664707,0.4096726492400001,0.91094664707
cognate,affinity,3,150,1,200,0.55240584229,0.5657479757099999,0.305,0.645,0.9349427739649999,0.382536931675,0.9349427739649999
cognate,affinity,4,0,0,60,0.48570125796666674,0.6324525600333332,0.36666666666666664,0.6166666666666667,0.9343351355166667,0.44863387755,0.9343351355166667
cognate,affinity,4,25,0,60,0.4649663966666667,0.6531874213333332,0.4,0.6,0.9317589981333333,0.4667926014666666,0.9317589981333333
cognate,affinity,4,50,0,60,0.4143541073833334,0.7037997106166665,0.55,0.4166666666666667,0.9435118751333333,0.5291577677499999,0.9435118751333333
cognate,affinity,4,75,0,60,0.49198230218333333,0.6261715158166665,0.36666666666666664,0.6,0.9237304345833335,0.4317481324,0.9237304345833335
cognate,affinity,4,100,0,60,0.43321271880000006,0.6849410991999998,0.5,0.4166666666666667,0.9311135235666668,0.4979008047666667,0.9311135235666668
cognate,affinity,4,125,0,60,0.5478205889500001,0.5703332290499998,0.21666666666666667,0.7666666666666667,0.9517135501666668,0.4038929612166667,0.9517135501666668
cognate,affinity,4,150,0,60,0.53007603615,0.5880777818499999,0.3333333333333333,0.6166666666666667,0.9361801255499999,0.4061040894,0.9361801255499999
cognate,affinity,4,0,1,200,0.5216325766250001,0.5965212413749998,0.33,0.62,0.91950695465,0.3978743780249999,0.91950695465
cognate,affinity,4,150,1,200,0.47928038228500003,0.6388734357149999,0.375,0.57,0.92933397696,0.450053594675,0.92933397696
cognate,affinity,5,0,0,60,0.4784075735833333,0.6397462444166666,0.35,0.6166666666666667,0.9179171703666668,0.43950959678333323,0.9179171703666668
cognate,affinity,5,25,0,60,0.4142166869833333,0.7039371310166667,0.45,0.48333333333333334,0.9153293165333334,0.50111262955,0.9153293165333334
cognate,affinity,5,50,0,60,0.4459331373666666,0.6722206806333333,0.4,0.5333333333333333,0.9205413748000001,0.47460823743333336,0.9205413748000001
cognate,affinity,5,75,0,60,0.44150674358333336,0.6766470744166666,0.4166666666666667,0.5333333333333333,0.9218825689833333,0.4803758254,0.9218825689833333
cognate,affinity,5,100,0,60,0.4138258766666667,0.7043279413333332,0.45,0.5,0.9126116489166666,0.4987857722499999,0.9126116489166666
cognate,affinity,5,125,0,60,0.40077132545,0.7173824925499999,0.5166666666666667,0.43333333333333335,0.92810737285,0.5273360474,0.92810737285
cognate,affinity,5,150,0,60,0.5053760352,0.6127777828,0.31666666666666665,0.6333333333333333,0.9324873685166666,0.4271113333166666,0.9324873685166666
cognate,affinity,5,0,1,200,0.48438418256999993,0.63376963543,0.355,0.58,0.908920736085,0.424536553515,0.908920736085
cognate,affinity,5,150,1,200,0.49598519609,0.6221686219099999,0.32,0.62,0.92421859031,0.42823339421999995,0.92421859031
cognate,affinity,6,0,0,60,0.5216145056833333,0.5965393123166666,0.3,0.65,0.9203036693999999,0.39868916371666674,0.9203036693999999
cognate,affinity,6,25,0,60,0.5515845808,0.5665692372,0.26666666666666666,0.7,0.9302682166166666,0.3786836358166667,0.9302682166166666
cognate,affinity,6,50,0,60,0.5023204921833333,0.6158333258166666,0.2833333333333333,0.6666666666666666,0.9317912298333334,0.42947073765000005,0.9317912298333334
cognate,affinity,6,75,0,60,0.48050173006666663,0.6376520879333333,0.4,0.55,0.9271778794000001,0.4466761493333333,0.9271778794000001
cognate,affinity,6,100,0,60,0.4487129945666667,0.6694408234333332,0.43333333333333335,0.5166666666666667,0.9281807985666666,0.47946780400000005,0.9281807985666666
cognate,affinity,6,125,0,60,0.48392011645000005,0.6342337015499999,0.35,0.6333333333333333,0.9114757485333332,0.4275556320833333,0.9114757485333332
cognate,affinity,6,150,0,60,0.44341247948333334,0.6747413385166665,0.4166666666666667,0.55,0.9309122652333333,0.48749978574999997,0.9309122652333333
cognate,affinity,6,0,1,200,0.50268280872,0.6154710092799999,0.355,0.59,0.9166555687,0.41397275998,0.9166555687
cognate,affinity,6,150,1,200,0.47597938681,0.64217443119,0.385,0.56,0.9244064516399999,0.44842706483,0.9244064516399999
cognate,affinity,7,0,0,60,0.49968626385,0.61846755415,0.31666666666666665,0.6166666666666667,0.9281180238833335,0.4284317600333332,0.9281180238833335
cognate,affinity,7,25,0,60,0.53281176345,0.5853420545499999,0.3,0.6666666666666666,0.9321780578333334,0.3993662943833333,0.9321780578333334
cognate,affinity,7,50,0,60,0.47036459936666664,0.6477892186333333,0.4,0.55,0.9196904559166668,0.44932585655,0.9196904559166668
cognate,affinity,7,75,0,60,0.4504422401333334,0.6677115778666665,0.4166666666666667,0.5666666666666667,0.9228294949833333,0.4723872548500001,0.9228294949833333
cognate,affinity,7,100,0,60,0.5535244909333332,0.5646293270666667,0.26666666666666666,0.6833333333333333,0.9181727203666665,0.3646482294333333,0.9181727203666665
cognate,affinity,7,125,0,60,0.5602279908666664,0.5579258271333335,0.3,0.6833333333333333,0.9454137794166668,0.38518578855,0.9454137794166668
cognate,affinity,7,150,0,60,0.6119708025,0.5061830154999999,0.2,0.7833333333333333,0.95199300555,0.34002220304999997,0.95199300555
cognate,affinity,7,0,1,200,0.52039364711,0.5977601708899999,0.31,0.66,0.9214393201499999,0.40104567304000005,0.9214393201499999
cognate,affinity,7,150,1,200,0.525943533155,0.5922102848449999,0.3,0.68,0.937673008075,0.41172947492,0.937673008075
cognate,affinity,8,0,0,60,0.5040840586833333,0.6140697593166666,0.3,0.6166666666666667,0.8907135634333335,0.38662950474999996,0.8907135634333335
cognate,affinity,8,25,0,60,0.5776260440166664,0.5405277739833335,0.25,0.6666666666666666,0.9170577104333334,0.33943166641666667,0.9170577104333334
cognate,affinity,8,50,0,60,0.43355345106666665,0.6846003669333333,0.48333333333333334,0.45,0.90866660395,0.4751131528833333,0.90866660395
cognate,affinity,8,75,0,60,0.5203352996499999,0.59781851835,0.36666666666666664,0.6166666666666667,0.9344972042666666,0.41416190461666674,0.9344972042666666
cognate,affinity,8,100,0,60,0.47179070065,0.64636311735,0.4166666666666667,0.48333333333333334,0.8945056491166667,0.4227149484666665,0.8945056491166667
cognate,affinity,8,125,0,60,0.5119390601,0.6062147578999999,0.31666666666666665,0.6666666666666666,0.9282441826166666,0.4163051225166666,0.9282441826166666
cognate,affinity,8,150,0,60,0.5514911639333333,0.5666626540666666,0.25,0.7,0.9320896324833332,0.38059846855,0.9320896324833332
cognate,affinity,8,0,1,200,0.47461372136,0.6435400966399999,0.375,0.565,0.9117923672249999,0.437178645865,0.9117923672249999
cognate,affinity,8,150,1,200,0.513293061365,0.6048607566349999,0.36,0.61,0.93083520538,0.417542144015,0.93083520538
cognate,affinity,9,0,0,60,0.54137813815,0.5767756798499999,0.2833333333333333,0.7166666666666667,0.9218960919333334,0.3805179537833333,0.9218960919333334
cognate,affinity,9,25,0,60,0.40438382688333335,0.7137699911166666,0.5166666666666667,0.4166666666666667,0.9280835823666667,0.5236997554833334,0.9280835823666667
cognate,affinity,9,50,0,60,0.35974496283333335,0.7584088551666666,0.5166666666666667,0.4666666666666667,0.9015633332333333,0.5418183704,0.9015633332333333
cognate,affinity,9,75,0,60,0.3246921539,0.7934616640999999,0.55,0.43333333333333335,0.90668065515,0.58198850125,0.90668065515
cognate,affinity,9,100,0,60,0.43359596706666664,0.6845578509333332,0.4166666666666667,0.5333333333333333,0.9229370887,0.48934112163333326,0.9229370887
cognate,affinity,9,125,0,60,0.5098730422000001,0.6082807757999998,0.38333333333333336,0.6166666666666667,0.9465075111333333,0.43663446893333335,0.9465075111333333
cognate,affinity,9,150,0,60,0.4256661322166666,0.6924876857833333,0.45,0.55,0.9306253797999999,0.5049592475833333,0.9306253797999999
cognate,affinity,9,0,1,200,0.48488507553999993,0.63326874246,0.385,0.595,0.92742007113,0.44253499559,0.92742007113
cognate,affinity,9,150,1,200,0.50100386825,0.6171499497499999,0.34,0.615,0.9270891818,0.42608531354999996,0.9270891818
cognate,margin,0,0,0,60,0.7616004459166668,0.35655337208333315,0.0,0.6666666666666666,0.8452001538,0.08359970788333332,0.7616004459166668
cognate,margin,0,25,0,60,0.7887693179166665,0.3293845000833334,0.016666666666666666,0.8,0.8690408456833333,0.08027152776666667,0.7887693179166665
cognate,margin,0,50,0,60,0.8305781378833335,0.28757568011666645,0.0,0.7333333333333333,0.8562004313333333,0.025622293450000003,0.8305781378833335
cognate,margin,0,75,0,60,0.8413475079833336,0.27680631001666633,0.0,0.8166666666666667,0.8714072576166668,0.030059749633333334,0.8413475079833336
cognate,margin,0,100,0,60,0.85491908905,0.2632347289499999,0.0,0.8166666666666667,0.8726483885666667,0.017729299516666668,0.85491908905
cognate,margin,0,125,0,60,0.7904715096833335,0.32768230831666645,0.0,0.65,0.8331864437833333,0.04271493410000001,0.7904715096833335
cognate,margin,0,150,0,60,0.82783600625,0.29031781174999993,0.0,0.75,0.8571825601666667,0.02934655391666667,0.82783600625
cognate,margin,0,0,1,200,0.767570366495,0.3505834515049999,0.0,0.695,0.8384927307850001,0.07092236429,0.767570366495
cognate,margin,0,150,1,200,0.8360415236950002,0.28211229430499973,0.0,0.76,0.8557914959800001,0.019749972285,0.8360415236950002
cognate,margin,1,0,0,60,0.8395041524666668,0.27864966553333315,0.0,0.85,0.8846246178333335,0.045120465366666675,0.8395041524666668
cognate,margin,1,25,0,60,0.7998500996333332,0.3183037183666667,0.0,0.7333333333333333,0.8457836019666668,0.04593350233333334,0.7998500996333332
cognate,margin,1,50,0,60,0.8447851053833335,0.2733687126166664,0.0,0.7833333333333333,0.8789044418333333,0.03411933645,0.8447851053833335
cognate,margin,1,75,0,60,0.8381981247333332,0.2799556932666667,0.0,0.75,0.8739490932833333,0.035750968550000005,0.8381981247333332
cognate,margin,1,100,0,60,0.8398712422166668,0.27828257578333315,0.016666666666666666,0.8333333333333334,0.8937256591999999,0.05385441698333333,0.8398712422166668
cognate,margin,1,125,0,60,0.7702579747333334,0.34789584326666656,0.0,0.7666666666666667,0.8656741252,0.09541615046666665,0.7702579747333334
cognate,margin,1,150,0,60,0.8174841079166667,0.3006697100833332,0.0,0.75,0.8457327258833335,0.028248617966666664,0.8174841079166667
cognate,margin,1,0,1,200,0.74101018643,0.37714363156999986,0.005,0.675,0.812125638455,0.071115452025,0.74101018643
cognate,margin,1,150,1,200,0.84388605763,0.2742677603699999,0.0,0.815,0.87878546605,0.03489940842,0.84388605763
cognate,margin,10,0,0,60,0.7688758319833333,0.3492779860166666,0.0,0.6833333333333333,0.8335936594166669,0.06471782743333333,0.7688758319833333
cognate,margin,10,25,0,60,0.8118380555333335,0.30631576246666636,0.0,0.7666666666666667,0.8677911687833334,0.05595311325,0.8118380555333335
cognate,margin,10,50,0,60,0.8399699353333335,0.2781838826666664,0.0,0.7666666666666667,0.8846034573499999,0.04463352201666668,0.8399699353333335
cognate,margin,10,75,0,60,0.7849748431333333,0.3331789748666666,0.0,0.75,0.8462171958500001,0.06124235271666667,0.7849748431333333
cognate,margin,10,100,0,60,0.8298422158,0.28831160219999996,0.0,0.7833333333333333,0.8722116074166668,0.04236939161666666,0.8298422158
cognate,margin,10,125,0,60,0.8544771242166666,0.26367669378333336,0.0,0.7666666666666667,0.8634466226666666,0.00896949845,0.8544771242166666
cognate,margin,10,150,0,60,0.8518993417666667,0.2662544762333332,0.0,0.7833333333333333,0.8707794211666666,0.018880079400000003,0.8518993417666667
cognate,margin,10,0,1,200,0.7759258587300001,0.3422279592699998,0.0,0.71,0.83666107991,0.06073522117999999,0.7759258587300001
cognate,margin,10,150,1,200,0.8305748782999999,0.28757893970000004,0.0,0.81,0.87917395148,0.048599073179999994,0.8305748782999999
cognate,margin,11,0,0,60,0.7836896732166668,0.3344641447833331,0.0,0.6833333333333333,0.8376093458500001,0.05391967263333333,0.7836896732166668
cognate,margin,11,25,0,60,0.78471641555,0.33343740244999986,0.0,0.7166666666666667,0.83715484825,0.05243843270000001,0.78471641555
cognate,margin,11,50,0,60,0.8099788352666668,0.3081749827333331,0.0,0.7833333333333333,0.8756366538500001,0.06565781858333333,0.8099788352666668
cognate,margin,11,75,0,60,0.7689700635833335,0.3491837544166664,0.0,0.7833333333333333,0.8548933816833332,0.0859233181,0.7689700635833335
cognate,margin,11,100,0,60,0.83955324045,0.2786005775499999,0.0,0.8,0.8813972367166668,0.04184399626666667,0.83955324045
cognate,margin,11,125,0,60,0.83136053065,0.28679328734999987,0.0,0.8333333333333334,0.8915205520333331,0.06016002138333333,0.83136053065
cognate,margin,11,150,0,60,0.8546871750166667,0.2634666429833332,0.0,0.8833333333333333,0.8763229078666668,0.021635732849999995,0.8546871750166667
cognate,margin,11,0,1,200,0.7715998811750001,0.3465539368249998,0.0,0.7,0.8335569583450001,0.061957077170000006,0.7715998811750001
cognate,margin,11,150,1,200,0.862046223145,0.2561075948549999,0.0,0.85,0.8955773389500001,0.033531115805,0.862046223145
cognate,margin,12,0,0,60,0.7792492090666667,0.3389046089333332,0.0,0.7,0.8384538574833335,0.05920464841666666,0.7792492090666667
cognate,margin,12,25,0,60,0.7719920414833334,0.34616177651666646,0.0,0.75,0.8490881186500001,0.07709607716666667,0.7719920414833334
cognate,margin,12,50,0,60,0.7896721968833332,0.3284816211166667,0.0,0.6666666666666666,0.8309916719000001,0.04131947501666667,0.7896721968833332
cognate,margin,12,75,0,60,0.7901674160833333,0.3279864019166666,0.0,0.7666666666666667,0.8641774690166667,0.07401005293333333,0.7901674160833333
cognate,margin,12,100,0,60,0.8481986296166668,0.2699551883833331,0.0,0.7833333333333333,0.8790536823499999,0.030855052733333325,0.8481986296166668
cognate,margin,12,125,0,60,0.8438934286666666,0.2742603893333333,0.0,0.7833333333333333,0.8765325461500001,0.032639117483333334,0.8438934286666666
cognate,margin,12,150,0,60,0.8583453178333332,0.2598085001666667,0.0,0.85,0.88441689985,0.026071582016666664,0.8583453178333332
cognate,margin,12,0,1,200,0.7816646173449999,0.336489200655,0.0,0.705,0.8462390378199999,0.064574420475,0.7816646173449999
cognate,margin,12,150,1,200,0.8634927597050001,0.25466105829499985,0.0,0.87,0.887416476225,0.023923716519999996,0.8634927597050001
cognate,margin,13,0,0,60,0.7974563955166667,0.3206974224833332,0.0,0.7666666666666667,0.8607529983000001,0.06329660278333334,0.7974563955166667
cognate,margin,13,25,0,60,0.7680314168999999,0.35012240110000004,0.0,0.6666666666666666,0.8218580253333333,0.05382660843333334,0.7680314168999999
cognate,margin,13,50,0,60,0.8051054671666665,0.3130483508333334,0.0,0.7333333333333333,0.86569410405,0.06058863688333334,0.8051054671666665
cognate,margin,13,75,0,60,0.8266477874833332,0.2915060305166667,0.0,0.7666666666666667,0.8584552770833335,0.031807489599999995,0.8266477874833332
cognate,margin,13,100,0,60,0.8053362791666667,0.3128175388333332,0.0,0.7166666666666667,0.8508518362666667,0.045515557100000006,0.8053362791666667
cognate,margin,13,125,0,60,0.8074309080000001,0.31072290999999985,0.0,0.6166666666666667,0.8318243478333335,0.024393439833333325,0.8074309080000001
cognate,margin,13,150,0,60,0.8609227707333335,0.25723104726666646,0.0,0.8,0.8730424212166668,0.01211965048333333,0.8609227707333335
cognate,margin,13,0,1,200,0.775858366205,0.34229545179499987,0.0,0.735,0.8402487360099999,0.06439036980499999,0.775858366205
cognate,margin,13,150,1,200,0.85707533681,0.2610784811899999,0.0,0.83,0.8798375900450001,0.022762253235,0.85707533681
cognate,margin,14,0,0,60,0.7501423900166666,0.3680114279833333,0.0,0.7,0.8136621126333334,0.06351972261666668,0.7501423900166666
cognate,margin,14,25,0,60,0.7553709620499999,0.36278285595000004,0.0,0.7333333333333333,0.8365313523,0.08116039025,0.7553709620499999
cognate,margin,14,50,0,60,0.8078876915,0.31026612649999996,0.0,0.7,0.8479631550833332,0.04007546358333333,0.8078876915
cognate,margin,14,75,0,60,0.8480230373833333,0.2701307806166666,0.016666666666666666,0.8166666666666667,0.8828607613333334,0.034837723949999996,0.8480230373833333
cognate,margin,14,100,0,60,0.8426235262666668,0.2755302917333331,0.0,0.75,0.8649770873333334,0.02235356106666667,0.8426235262666668
cognate,margin,14,125,0,60,0.8163839936499999,0.30176982435,0.0,0.8333333333333334,0.8641436380999999,0.04775964445,0.8163839936499999
cognate,margin,14,150,0,60,0.8672337512333332,0.25092006676666667,0.0,0.8666666666666667,0.8947430395166667,0.027509288283333332,0.8672337512333332
cognate,margin,14,0,1,200,0.760923517405,0.35723030059499994,0.005,0.7,0.8326027679200001,0.071679250515,0.760923517405
cognate,margin,14,150,1,200,0.8523630988850001,0.26579071911499985,0.0,0.805,0.877305554415,0.024942455529999998,0.8523630988850001
cognate,margin,15,0,0,60,0.7505581739999999,0.367595644,0.0,0.7166666666666667,0.8360275511,0.0854693771,0.7505581739999999
cognate,margin,15,25,0,60,0.7652097090166669,0.35294410898333306,0.0,0.6833333333333333,0.8272485573166668,0.06203884829999999,0.7652097090166669
cognate,margin,15,50,0,60,0.74889902055,0.3692547974499999,0.0,0.7,0.8445059535166667,0.09560693296666668,0.74889902055
cognate,margin,15,75,0,60,0.8129213898500001,0.30523242814999985,0.0,0.8,0.8886642040833334,0.07574281423333334,0.8129213898500001
cognate,margin,15,100,0,60,0.8576904411333335,0.26046337686666643,0.0,0.8333333333333334,0.8885553239000001,0.030864882766666664,0.8576904411333335
cognate,margin,15,125,0,60,0.8569103866833334,0.2612434313166665,0.0,0.8,0.8871785107833333,0.030268124100000002,0.8569103866833334
cognate,margin,15,150,0,60,0.82653415895,0.29161965904999987,0.0,0.9,0.8996262034499999,0.0730920445,0.82653415895
cognate,margin,15,0,1,200,0.79126224663,0.3268915713699999,0.0,0.735,0.8444151711199999,0.053152924489999996,0.79126224663
cognate,margin,15,150,1,200,0.8186837777549999,0.299470040245,0.0,0.8,0.8630115294699999,0.044327751714999995,0.8186837777549999
cognate,margin,2,0,0,60,0.7264794481500001,0.3916743698499998,0.0,0.65,0.8147571545166665,0.08827770636666667,0.7264794481500001
cognate,margin,2,25,0,60,0.8007900006,0.31736381739999986,0.0,0.7166666666666667,0.8576120976666668,0.05682209706666667,0.8007900006
cognate,margin,2,50,0,60,0.8024947666500001,0.31565905134999983,0.0,0.7166666666666667,0.8474730035666667,0.04497823691666667,0.8024947666500001
cognate,margin,2,75,0,60,0.8273919165833336,0.29076190141666636,0.0,0.7166666666666667,0.8702563628166666,0.04286444623333333,0.8273919165833336
cognate,margin,2,100,0,60,0.8063112983666668,0.3118425196333331,0.0,0.7833333333333333,0.8619113274666667,0.0556000291,0.8063112983666668
cognate,margin,2,125,0,60,0.7573380569833331,0.3608157610166668,0.0,0.65,0.81238017905,0.05504212206666668,0.7573380569833331
cognate,margin,2,150,0,60,0.8576350212666667,0.2605187967333332,0.0,0.8666666666666667,0.8887997100666668,0.0311646888,0.8576350212666667
cognate,margin,2,0,1,200,0.7706412158750001,0.3475126021249998,0.005,0.705,0.8384407904649999,0.06779957459000001,0.7706412158750001
cognate,margin,2,150,1,200,0.8282424592300001,0.28991135876999985,0.0,0.76,0.873293242715,0.045050783484999996,0.8282424592300001
cognate,margin,3,0,0,60,0.7617899272499999,0.35636389074999997,0.0,0.6166666666666667,0.7956334755833333,0.033843548333333334,0.7617899272499999
cognate,margin,3,25,0,60,0.7616206493166666,0.3565331686833333,0.0,0.7333333333333333,0.8381271883833334,0.07650653906666668,0.7616206493166666
cognate,margin,3,50,0,60,0.79881126705,0.31934255094999986,0.0,0.75,0.8540413140333334,0.05523004698333332,0.79881126705
cognate,margin,3,75,0,60,0.80060264235,0.3175511756499999,0.0,0.7666666666666667,0.8612851262333334,0.06068248388333332,0.80060264235
cognate,margin,3,100,0,60,0.8222240891333333,0.2959297288666666,0.0,0.7666666666666667,0.8607073865166667,0.03848329738333334,0.8222240891333333
cognate,margin,3,125,0,60,0.8334406737833333,0.2847131442166666,0.0,0.8166666666666667,0.8836816563500001,0.050240982566666655,0.8334406737833333
cognate,margin,3,150,0,60,0.8230804560166668,0.2950733619833331,0.0,0.7666666666666667,0.8607983976333332,0.03771794161666666,0.8230804560166668
cognate,margin,3,0,1,200,0.770715096365,0.3474387216349999,0.005,0.715,0.834586113875,0.06387101750999999,0.770715096365
cognate,margin,3,150,1,200,0.81737726334,0.30077655465999986,0.0,0.78,0.87217211637,0.05479485303,0.81737726334
cognate,margin,4,0,0,60,0.7478752318499999,0.37027858615,0.0,0.7333333333333333,0.8369898824333333,0.08911465058333332,0.7478752318499999
cognate,margin,4,25,0,60,0.7984498025000002,0.3197040154999997,0.0,0.75,0.8591756600666668,0.060725857566666666,0.7984498025000002
cognate,margin,4,50,0,60,0.7889116722333334,0.32924214576666655,0.0,0.7666666666666667,0.8472157319000001,0.058304059666666665,0.7889116722333334
cognate,margin,4,75,0,60,0.8239192862833332,0.2942345317166667,0.0,0.7333333333333333,0.8645678755166666,0.04064858923333333,0.8239192862833332
cognate,margin,4,100,0,60,0.7915254966,0.32662832139999987,0.0,0.75,0.8553150062333333,0.06378950963333334,0.7915254966
cognate,margin,4,125,0,60,0.8493655436666667,0.2687882743333332,0.0,0.8,0.8614086914833333,0.012043147816666667,0.8493655436666667
cognate,margin,4,150,0,60,0.8537885377500001,0.26436528024999983,0.0,0.8333333333333334,0.8733257406666669,0.019537202916666663,0.8537885377500001
cognate,margin,4,0,1,200,0.767281300385,0.35087251761499993,0.005,0.725,0.83599983367,0.068718533285,0.767281300385
cognate,margin,4,150,1,200,0.842487995735,0.2756658222649999,0.0,0.795,0.8773539582600001,0.034865962525,0.842487995735
cognate,margin,5,0,0,60,0.7850464957999999,0.33310732220000006,0.0,0.7333333333333333,0.8494655016833335,0.06441900588333332,0.7850464957999999
cognate,margin,5,25,0,60,0.8395337595333334,0.2786200584666665,0.0,0.8,0.8728316236,0.03329786406666666,0.8395337595333334
cognate,margin,5,50,0,60,0.8555026629833333,0.2626511550166666,0.0,0.85,0.8906576409833332,0.035154977999999996,0.8555026629833333
cognate,margin,5,75,0,60,0.8675014745499999,0.25065234345,0.0,0.8666666666666667,0.8938640836166665,0.026362609066666667,0.8675014745499999
cognate,margin,5,100,0,60,0.8368872985833333,0.2812665194166666,0.0,0.8333333333333334,0.8748572611000001,0.03796996251666667,0.8368872985833333
cognate,margin,5,125,0,60,0.7585923945833333,0.35956142341666664,0.0,0.6666666666666666,0.8218641343499999,0.06327173976666665,0.7585923945833333
cognate,margin,5,150,0,60,0.8462838283500002,0.27186998964999975,0.0,0.7833333333333333,0.8753542379833336,0.029070409633333336,0.8462838283500002
cognate,margin,5,0,1,200,0.77349125408,0.34466256391999994,0.0,0.72,0.8358039146550001,0.062312660575,0.77349125408
cognate,margin,5,150,1,200,0.8406392987500001,0.2775145192499998,0.005,0.79,0.8662806159650001,0.025641317215,0.8406392987500001
cognate,margin,6,0,0,60,0.7876675563000002,0.33048626169999973,0.0,0.8166666666666667,0.8621112585333335,0.07444370223333333,0.7876675563000002
cognate,margin,6,25,0,60,0.7976159052666667,0.3205379127333332,0.0,0.7166666666666667,0.8459682593999999,0.04835235413333334,0.7976159052666667
cognate,margin,6,50,0,60,0.80885463395,0.3092991840499999,0.0,0.7833333333333333,0.8671617862000001,0.05830715225,0.80885463395
cognate,margin,6,75,0,60,0.7947814181499999,0.32337239985,0.0,0.7166666666666667,0.8458478311999998,0.05106641305,0.7947814181499999
cognate,margin,6,100,0,60,0.8288934503833333,0.2892603676166666,0.0,0.7833333333333333,0.8653984765166669,0.036505026133333326,0.8288934503833333
cognate,margin,6,125,0,60,0.8110737351500001,0.30708008284999977,0.0,0.8166666666666667,0.8752125792500001,0.06413884410000001,0.8110737351500001
cognate,margin,6,150,0,60,0.8322019470500001,0.28595187094999985,0.0,0.8166666666666667,0.8880837971833334,0.05588185013333333,0.8322019470500001
cognate,margin,6,0,1,200,0.7686780686899999,0.34947574931000003,0.0,0.755,0.8452736955700001,0.07659562688,0.7686780686899999
cognate,margin,6,150,1,200,0.8588520980500001,0.25930171994999984,0.0,0.835,0.8920128906299999,0.03316079258,0.8588520980500001
cognate,margin,7,0,0,60,0.7627350500000001,0.35541876799999983,0.0,0.8,0.8544594756666666,0.09172442566666668,0.7627350500000001
cognate,margin,7,25,0,60,0.8140628622333334,0.30409095576666656,0.0,0.7666666666666667,0.8709941806333334,0.0569313184,0.8140628622333334
cognate,margin,7,50,0,60,0.8410566509166667,0.2770971670833332,0.016666666666666666,0.8333333333333334,0.8823290346833333,0.04127238376666666,0.8410566509166667
cognate,margin,7,75,0,60,0.8053705851,0.3127832328999999,0.0,0.75,0.8571102588666668,0.05173967376666667,0.8053705851
cognate,margin,7,100,0,60,0.8081469368166665,0.3100068811833334,0.0,0.7666666666666667,0.8572805298,0.049133592983333335,0.8081469368166665
cognate,margin,7,125,0,60,0.8477141320666667,0.27043968593333323,0.0,0.7833333333333333,0.8629471904666667,0.015233058400000004,0.8477141320666667
cognate,margin,7,150,0,60,0.8571262833166666,0.2610275346833333,0.0,0.8833333333333333,0.8878229030333332,0.03069661971666667,0.8571262833166666
cognate,margin,7,0,1,200,0.778283992705,0.33986982529499987,0.0,0.76,0.845808743145,0.06752475044,0.778283992705
cognate,margin,7,150,1,200,0.8330874183600001,0.2850663996399998,0.0,0.79,0.865463060795,0.032375642435,0.8330874183600001
cognate,margin,8,0,0,60,0.7832582872666667,0.3348955307333332,0.0,0.7166666666666667,0.8293827430666667,0.046124455800000005,0.7832582872666667
cognate,margin,8,25,0,60,0.8157414524666665,0.3024123655333334,0.0,0.7833333333333333,0.8658680678166668,0.05012661535,0.8157414524666665
cognate,margin,8,50,0,60,0.8117473821333333,0.3064064358666666,0.0,0.7166666666666667,0.8481527197833335,0.03640533765,0.8117473821333333
cognate,margin,8,75,0,60,0.8504159304000001,0.26773788759999984,0.0,0.8,0.8800400834333332,0.02962415303333333,0.8504159304000001
cognate,margin,8,100,0,60,0.8266686621000001,0.2914851558999998,0.0,0.7666666666666667,0.8546689002166666,0.028000238116666673,0.8266686621000001
cognate,margin,8,125,0,60,0.8526804231500001,0.26547339484999977,0.0,0.8166666666666667,0.8816978552833333,0.029017432133333337,0.8526804231500001
cognate,margin,8,150,0,60,0.824228219,0.2939255989999999,0.0,0.6833333333333333,0.8511277767166667,0.026899557716666665,0.824228219
cognate,margin,8,0,1,200,0.75918288072,0.35897093727999996,0.0,0.705,0.8330257527450001,0.07384287202499999,0.75918288072
cognate,margin,8,150,1,200,0.862097309955,0.2560565080449999,0.0,0.84,0.8863056352249999,0.02420832527,0.862097309955
cognate,margin,9,0,0,60,0.7421687213166666,0.37598509668333335,0.0,0.6333333333333333,0.8048340727333333,0.06266535141666668,0.7421687213166666
cognate,margin,9,25,0,60,0.7435072066833334,0.37464661131666654,0.0,0.6,0.8264626551666667,0.08295544848333335,0.7435072066833334
cognate,margin,9,50,0,60,0.8005672514000002,0.31758656659999973,0.0,0.7166666666666667,0.8405449554833332,0.039977704083333336,0.8005672514000002
cognate,margin,9,75,0,60,0.8154929326166668,0.30266088538333313,0.0,0.7666666666666667,0.8502611381166666,0.03476820550000001,0.8154929326166668
cognate,margin,9,100,0,60,0.8050751980500002,0.31307861994999975,0.0,0.75,0.8423463555,0.03727115745,0.8050751980500002
cognate,margin,9,125,0,60,0.8240446934000001,0.2941091245999998,0.0,0.7833333333333333,0.8654863343000001,0.0414416409,0.8240446934000001
cognate,margin,9,150,0,60,0.8591988433,0.25895497469999995,0.0,0.8,0.88971308995,0.03051424665,0.8591988433
cognate,margin,9,0,1,200,0.756611502695,0.3615423153049999,0.0,0.695,0.840615476615,0.08400397392,0.756611502695
cognate,margin,9,150,1,200,0.8280012539399999,0.29015256406,0.0,0.82,0.8772601543749999,0.049258900435,0.8280012539399999
swap,affinity,0,0,0,60,0.48278427258333334,0.4414838204166667,0.38333333333333336,0.5666666666666667,0.9214538599333332,0.43866958735,0.9214538599333332
swap,affinity,0,25,0,60,0.35839165925,0.56587643375,0.5666666666666667,0.4,0.9223985936166667,0.5640069343666667,0.9223985936166667
swap,affinity,0,50,0,60,0.4243453717166667,0.4999227212833333,0.4666666666666667,0.5166666666666667,0.9283387347500001,0.5039933630333333,0.9283387347500001
swap,affinity,0,75,0,60,0.3939059733666666,0.5303621196333335,0.4666666666666667,0.5166666666666667,0.9404849009833334,0.5465789276166666,0.9404849009833334
swap,affinity,0,100,0,60,0.37160797043333343,0.5526601225666665,0.5333333333333333,0.45,0.9483611663500001,0.5767531959166665,0.9483611663500001
swap,affinity,0,125,0,60,0.41361026084999997,0.51065783215,0.4666666666666667,0.5,0.9214836751333334,0.5078734142833333,0.9214836751333334
swap,affinity,0,150,0,60,0.38451433873333335,0.5397537542666666,0.5166666666666667,0.43333333333333335,0.9206268746333334,0.5361125359,0.9206268746333334
swap,affinity,0,0,1,200,0.3950870523,0.5291810406999999,0.48,0.5,0.913483008495,0.518395956195,0.913483008495
swap,affinity,0,150,1,200,0.36840799888,0.55586009412,0.52,0.445,0.9215365733850001,0.5531285745050001,0.9215365733850001
swap,affinity,1,0,0,60,0.4166015847999999,0.5076665082,0.4,0.5166666666666667,0.9119331539500001,0.49533156914999993,0.9119331539500001
swap,affinity,1,25,0,60,0.34251452485000006,0.5817535681499999,0.5666666666666667,0.38333333333333336,0.9206446484333334,0.5781301235833334,0.9206446484333334
swap,affinity,1,50,0,60,0.4182152016,0.5060528914,0.5,0.5,0.9482987219833334,0.5300835203833333,0.9482987219833334
swap,affinity,1,75,0,60,0.3160676539166667,0.6082004390833333,0.6,0.36666666666666664,0.9442841595333334,0.6282165056166666,0.9442841595333334
swap,affinity,1,100,0,60,0.47200643821666666,0.45226165478333336,0.38333333333333336,0.6,0.9519225345000002,0.47991609628333337,0.9519225345000002
swap,affinity,1,125,0,60,0.3609680964,0.5632999966000001,0.5,0.45,0.9425241307166666,0.5815560343166669,0.9425241307166666
swap,affinity,1,150,0,60,0.3983451931666667,0.5259228998333333,0.48333333333333334,0.5,0.9583607710166667,0.5600155778500001,0.9583607710166667
swap,affinity,1,0,1,200,0.45781925972000004,0.46644883328,0.37,0.585,0.925141530075,0.46732227035499996,0.925141530075
swap,affinity,1,150,1,200,0.38400007445499995,0.5402680185450001,0.545,0.44,0.9540346589300001,0.570034584475,0.9540346589300001
swap,affinity,10,0,0,60,0.4107326946833334,0.5135353983166666,0.4666666666666667,0.5166666666666667,0.93643600575,0.5257033110666666,0.93643600575
swap,affinity,10,25,0,60,0.4446723051666667,0.4795957878333333,0.35,0.6333333333333333,0.9346124214500001,0.48994011628333334,0.9346124214500001
swap,affinity,10,50,0,60,0.3457314724499999,0.5785366205500001,0.5333333333333333,0.4166666666666667,0.9283602800333333,0.5826288075833332,0.9283602800333333
swap,affinity,10,75,0,60,0.36768615900000007,0.556581934,0.5166666666666667,0.48333333333333334,0.9474829424333334,0.5797967834333334,0.9474829424333334
swap,affinity,10,100,0,60,0.45071778275,0.47355031025,0.36666666666666664,0.5833333333333334,0.9287540922666667,0.4780363095166667,0.9287540922666667
swap,affinity,10,125,0,60,0.4451291249,0.4791389681,0.43333333333333335,0.5666666666666667,0.9497951398833334,0.5046660149833333,0.9497951398833334
swap,affinity,10,150,0,60,0.4017393021833333,0.5225287908166667,0.5,0.48333333333333334,0.9359483609666667,0.5342090587833332,0.9359483609666667
swap,affinity,10,0,1,200,0.428786045385,0.49548204761500003,0.415,0.575,0.92519160696,0.496405561575,0.92519160696
swap,affinity,10,150,1,200,0.38821296174,0.53605513126,0.485,0.5,0.924044480005,0.535831518265,0.924044480005
swap,affinity,11,0,0,60,0.4710850940333334,0.45318299896666664,0.3333333333333333,0.6333333333333333,0.9229220372833334,0.45183694325,0.9229220372833334
swap,affinity,11,25,0,60,0.4014920842166666,0.5227760087833334,0.4666666666666667,0.5,0.9242421376833332,0.5227500534666667,0.9242421376833332
swap,affinity,11,50,0,60,0.4102184585833333,0.5140496344166667,0.45,0.5333333333333333,0.92858230425,0.5183638456666667,0.92858230425
swap,affinity,11,75,0,60,0.44811526801666673,0.4761528249833333,0.4,0.6,0.94905059085,0.5009353228333334,0.94905059085
swap,affinity,11,100,0,60,0.4056021318833333,0.5186659611166667,0.5166666666666667,0.43333333333333335,0.9424495543500001,0.5368474224666667,0.9424495543500001
swap,affinity,11,125,0,60,0.49219322871666665,0.43207486428333336,0.35,0.6,0.9406106973833334,0.4484174686666667,0.9406106973833334
swap,affinity,11,150,0,60,0.4302769622,0.4939911308,0.48333333333333334,0.5,0.9388927977666668,0.5086158355666667,0.9388927977666668
swap,affinity,11,0,1,200,0.44708951329499996,0.47717857970500005,0.38,0.585,0.91983066569,0.47274115239500003,0.91983066569
swap,affinity,11,150,1,200,0.42169681318,0.5025712798199999,0.425,0.53,0.93305394263,0.5113571294499999,0.93305394263
swap,affinity,12,0,0,60,0.41834601875000005,0.5059220742499999,0.4166666666666667,0.55,0.9146396754999999,0.49629365675,0.9146396754999999
swap,affinity,12,25,0,60,0.44061141995,0.48365667305,0.38333333333333336,0.6,0.9391543867166666,0.49854296676666665,0.9391543867166666
swap,affinity,12,50,0,60,0.4166320216,0.5076360714,0.5,0.48333333333333334,0.9489343267,0.5323023051000001,0.9489343267
swap,affinity,12,75,0,60,0.4022849145333333,0.5219831784666666,0.5,0.4666666666666667,0.9282135748666669,0.5259286603333334,0.9282135748666669
swap,affinity,12,100,0,60,0.44416334538333335,0.48010474761666666,0.43333333333333335,0.5166666666666667,0.9227320222666667,0.4785686768833333,0.9227320222666667
swap,affinity,12,125,0,60,0.41611560295,0.5081524900500001,0.4666666666666667,0.48333333333333334,0.9313894507833334,0.5152738478333333,0.9313894507833334
swap,affinity,12,150,0,60,0.41667905801666666,0.5075890349833334,0.5,0.5,0.9470864786500001,0.5304074206333333,0.9470864786500001
swap,affinity,12,0,1,200,0.4431838088799999,0.4810842841200001,0.37,0.59,0.92711103165,0.48392722277,0.92711103165
swap,affinity,12,150,1,200,0.40798356237,0.51628453063,0.455,0.535,0.945293404215,0.537309841845,0.945293404215
swap,affinity,13,0,0,60,0.4029359781,0.5213321149000001,0.43333333333333335,0.5333333333333333,0.9150578355166668,0.5121218574166667,0.9150578355166668
swap,affinity,13,25,0,60,0.41019519113333336,0.5140729018666667,0.4666666666666667,0.48333333333333334,0.9256674411500001,0.5154722500166666,0.9256674411500001
swap,affinity,13,50,0,60,0.4225327028833333,0.5017353901166668,0.4166666666666667,0.5666666666666667,0.9252579513166667,0.5027252484333334,0.9252579513166667
swap,affinity,13,75,0,60,0.31532784268333336,0.6089402503166667,0.6166666666666667,0.36666666666666664,0.9366674569833333,0.6213396143,0.9366674569833333
swap,affinity,13,100,0,60,0.39464626818333337,0.5296218248166666,0.5166666666666667,0.45,0.9252436545833334,0.5305973864,0.9252436545833334
swap,affinity,13,125,0,60,0.4007853892166667,0.5234827037833334,0.55,0.4166666666666667,0.9230542694166669,0.5222688802000001,0.9230542694166669
swap,affinity,13,150,0,60,0.4198154236666668,0.5044526693333332,0.4666666666666667,0.5333333333333333,0.9565835490999999,0.5367681254333333,0.9565835490999999
swap,affinity,13,0,1,200,0.41703579488,0.50723229812,0.44,0.52,0.9180496092300001,0.50101381435,0.9180496092300001
swap,affinity,13,150,1,200,0.45032824788500003,0.473939845115,0.395,0.59,0.952200238385,0.5018719905000001,0.952200238385
swap,affinity,14,0,0,60,0.43267036481666665,0.49159772818333336,0.4166666666666667,0.5666666666666667,0.9349261932666668,0.5022558284499999,0.9349261932666668
swap,affinity,14,25,0,60,0.43066561511666673,0.4936024778833333,0.38333333333333336,0.5833333333333334,0.9446830688500001,0.5140174537333333,0.9446830688500001
swap,affinity,14,50,0,60,0.4133182133166667,0.5109498796833334,0.43333333333333335,0.5666666666666667,0.9599291917833334,0.5466109784666667,0.9599291917833334
swap,affinity,14,75,0,60,0.3605523108333334,0.5637157821666666,0.5333333333333333,0.4666666666666667,0.9513972298833333,0.5908449190499999,0.9513972298833333
swap,affinity,14,100,0,60,0.35636887173333337,0.5678992212666667,0.5833333333333334,0.4,0.9555836162666668,0.5992147445333332,0.9555836162666668
swap,affinity,14,125,0,60,0.41054009901666666,0.5137279939833334,0.5333333333333333,0.4666666666666667,0.9472638778999999,0.5367237788833334,0.9472638778999999
swap,affinity,14,150,0,60,0.40381869444999996,0.52044939855,0.5,0.48333333333333334,0.9590525397499999,0.5552338453000001,0.9590525397499999
swap,affinity,14,0,1,200,0.41204898832,0.51221910468,0.405,0.555,0.9208119690050001,0.508762980685,0.9208119690050001
swap,affinity,14,150,1,200,0.40836017599,0.51590791701,0.5,0.49,0.95666110819,0.5483009322,0.95666110819
swap,affinity,15,0,0,60,0.3946191920333334,0.5296489009666666,0.45,0.48333333333333334,0.9254167795833333,0.5307975875500001,0.9254167795833333
swap,affinity,15,25,0,60,0.38429263438333333,0.5399754586166667,0.6,0.4,0.9357123855000001,0.5514197511166666,0.9357123855000001
swap,affinity,15,50,0,60,0.4699665275833334,0.4543015654166666,0.36666666666666664,0.6,0.9400587611,0.47009223351666674,0.9400587611
swap,affinity,15,75,0,60,0.4719076902833334,0.4523604027166666,0.36666666666666664,0.6333333333333333,0.9580333377166668,0.4861256474333333,0.9580333377166668
swap,affinity,15,100,0,60,0.46490817826666664,0.4593599147333334,0.4,0.5833333333333334,0.9320850951166668,0.46717691684999996,0.9320850951166668
swap,affinity,15,125,0,60,0.4013872005500001,0.5228808924499999,0.4666666666666667,0.5333333333333333,0.9385221719833333,0.5371349714333334,0.9385221719833333
swap,affinity,15,150,0,60,0.3892038467000001,0.5350642462999999,0.5333333333333333,0.43333333333333335,0.9399159073666665,0.5507120606666668,0.9399159073666665
swap,affinity,15,0,1,200,0.393392155345,0.5308759376550001,0.44,0.495,0.9120015872100001,0.518609431865,0.9120015872100001
swap,affinity,15,150,1,200,0.40027663894,0.52399145406,0.52,0.47,0.9517214157199999,0.55144477678,0.9517214157199999
swap,affinity,2,0,0,60,0.4232174166166666,0.5010506763833333,0.45,0.5166666666666667,0.9161658550833333,0.4929484384666667,0.9161658550833333
swap,affinity,2,25,0,60,0.4088864461,0.5153816469,0.45,0.55,0.9242150475333334,0.5153286014333333,0.9242150475333334
swap,affinity,2,50,0,60,0.34675283213333336,0.5775152608666667,0.5,0.4666666666666667,0.9379585269833335,0.5912056948500002,0.9379585269833335
swap,affinity,2,75,0,60,0.4279565923,0.4963115007,0.48333333333333334,0.48333333333333334,0.9523195214000001,0.5243629290999999,0.9523195214000001
swap,affinity,2,100,0,60,0.3840004751499999,0.5402676178500001,0.5666666666666667,0.4166666666666667,0.9371742525,0.55317377735,0.9371742525
swap,affinity,2,125,0,60,0.43104313468333344,0.4932249583166666,0.4,0.5833333333333334,0.9373157971333334,0.50627266245,0.9373157971333334
swap,affinity,2,150,0,60,0.4548616554166667,0.46940643758333334,0.4166666666666667,0.5666666666666667,0.9472128161499999,0.4923511607333333,0.9472128161499999
swap,affinity,2,0,1,200,0.3726984631100001,0.5515696298899999,0.52,0.445,0.9167453662649998,0.5440469031549999,0.9167453662649998
swap,affinity,2,150,1,200,0.40445887418,0.5198092188200001,0.5,0.48,0.9456696324149999,0.541210758235,0.9456696324149999
swap,affinity,3,0,0,60,0.37785134338333337,0.5464167496166666,0.4666666666666667,0.5,0.9223842635833335,0.5445329202,0.9223842635833335
swap,affinity,3,25,0,60,0.36878523603333335,0.5554828569666667,0.5166666666666667,0.4666666666666667,0.9567498064,0.5879645703666667,0.9567498064
swap,affinity,3,50,0,60,0.29106325418333334,0.6332048388166667,0.6,0.38333333333333336,0.9071862589833334,0.6161230048,0.9071862589833334
swap,affinity,3,75,0,60,0.43286078366666664,0.4914073093333334,0.5,0.5,0.9601572265333334,0.5272964428666668,0.9601572265333334
swap,affinity,3,100,0,60,0.39894103248333335,0.5253270605166667,0.5333333333333333,0.45,0.9418109249000002,0.5428698924166667,0.9418109249000002
swap,affinity,3,125,0,60,0.39878652056666675,0.5254815724333333,0.5333333333333333,0.45,0.9450500258499999,0.5462635052833333,0.9450500258499999
swap,affinity,3,150,0,60,0.39891372235,0.52535437065,0.5166666666666667,0.48333333333333334,0.9555273785666667,0.5566136562166666,0.9555273785666667
swap,affinity,3,0,1,200,0.428723762045,0.495544330955,0.4,0.535,0.9086897459050001,0.47996598386,0.9086897459050001
swap,affinity,3,150,1,200,0.39976441674,0.5245036762599999,0.53,0.455,0.943733678815,0.5439692620750001,0.943733678815
swap,affinity,4,0,0,60,0.41309730845,0.51117078455,0.4666666666666667,0.48333333333333334,0.9258566109333333,0.5127593024833333,0.9258566109333333
swap,affinity,4,25,0,60,0.40426891798333336,0.5199991750166666,0.45,0.5,0.90699069065,0.5027217726666666,0.90699069065
swap,affinity,4,50,0,60,0.4418493171666667,0.4824187758333333,0.4166666666666667,0.5166666666666667,0.9119758871,0.47012656993333335,0.9119758871
swap,affinity,4,75,0,60,0.43509756401666666,0.48917052898333335,0.4166666666666667,0.5166666666666667,0.9124943638166666,0.47739679980000005,0.9124943638166666
swap,affinity,4,100,0,60,0.45718247591666666,0.46708561708333335,0.36666666666666664,0.6166666666666667,0.9450961724333333,0.48791369651666666,0.9450961724333333
swap,affinity,4,125,0,60,0.40996595485000004,0.5143021381499999,0.45,0.55,0.9452527495333332,0.5352867946833333,0.9452527495333332
swap,affinity,4,150,0,60,0.44567983305,0.47858825995000004,0.43333333333333335,0.55,0.9433736360833334,0.4976938030333333,0.9433736360833334
swap,affinity,4,0,1,200,0.404477349055,0.519790743945,0.46,0.525,0.9148524082049999,0.5103750591499999,0.9148524082049999
swap,affinity,4,150,1,200,0.45739420041,0.46687389259,0.38,0.6,0.9456830573249999,0.48828885691499996,0.9456830573249999
swap,affinity,5,0,0,60,0.3520030502666666,0.5722650427333333,0.5333333333333333,0.4666666666666667,0.9092655636833334,0.5572625134166668,0.9092655636833334
swap,affinity,5,25,0,60,0.40409986180000007,0.5201682312,0.48333333333333334,0.5166666666666667,0.9135095534000002,0.5094096916,0.9135095534000002
swap,affinity,5,50,0,60,0.43777374625000004,0.48649434675,0.4666666666666667,0.5166666666666667,0.9465446144833334,0.5087708682333333,0.9465446144833334
swap,affinity,5,75,0,60,0.4461140064166667,0.4781540865833333,0.4,0.55,0.9593182340166667,0.5132042276,0.9593182340166667
swap,affinity,5,100,0,60,0.3885577670333334,0.5357103259666667,0.5166666666666667,0.4666666666666667,0.9460320911,0.5574743240666666,0.9460320911
swap,affinity,5,125,0,60,0.39182172225000006,0.53244637075,0.5333333333333333,0.4666666666666667,0.9600530596166664,0.5682313373666668,0.9600530596166664
swap,affinity,5,150,0,60,0.4195700931833334,0.5046979998166666,0.45,0.5333333333333333,0.9406273380333333,0.5210572448499999,0.9406273380333333
swap,affinity,5,0,1,200,0.418994279295,0.505273813705,0.385,0.565,0.9157884801,0.49679420080500003,0.9157884801
swap,affinity,5,150,1,200,0.44642111216499997,0.47784698083500005,0.415,0.585,0.951931112615,0.50551000045,0.951931112615
swap,affinity,6,0,0,60,0.39980235270000003,0.5244657402999999,0.4166666666666667,0.55,0.9276861573,0.5278838046,0.9276861573
swap,affinity,6,25,0,60,0.4325036546499999,0.4917644383500001,0.43333333333333335,0.5166666666666667,0.9239298671999999,0.49142621255,0.9239298671999999
swap,affinity,6,50,0,60,0.3917568583166667,0.5325112346833334,0.36666666666666664,0.55,0.8965123614833334,0.5047555031666667,0.8965123614833334
swap,affinity,6,75,0,60,0.4726044963666667,0.45166359663333333,0.36666666666666664,0.6,0.9470444489833333,0.4744399526166666,0.9470444489833333
swap,affinity,6,100,0,60,0.39353854461666676,0.5307295483833332,0.45,0.5333333333333333,0.9322878844333331,0.5387493398166666,0.9322878844333331
swap,affinity,6,125,0,60,0.3845416484666668,0.5397264445333332,0.55,0.43333333333333335,0.9349107216,0.5503690731333335,0.9349107216
swap,affinity,6,150,0,60,0.4133326334999999,0.5109354595000002,0.48333333333333334,0.5,0.9434466709666667,0.5301140374666667,0.9434466709666667
swap,affinity,6,0,1,200,0.42083723288,0.5034308601199999,0.415,0.55,0.92448424348,0.5036470106000001,0.92448424348
swap,affinity,6,150,1,200,0.39587335423,0.5283947387700001,0.535,0.45,0.9487667421799999,0.55289338795,0.9487667421799999
swap,affinity,7,0,0,60,0.42029351013333344,0.5039745828666666,0.4666666666666667,0.5166666666666667,0.9202517335166664,0.4999582233833333,0.9202517335166664
swap,affinity,7,25,0,60,0.36188047945,0.56238761355,0.5333333333333333,0.45,0.920773798,0.55889331855,0.920773798
swap,affinity,7,50,0,60,0.29188596281666673,0.6323821301833332,0.5833333333333334,0.31666666666666665,0.8904463927833334,0.5985604299666666,0.8904463927833334
swap,affinity,7,75,0,60,0.42030034581666664,0.5039677471833334,0.5166666666666667,0.4666666666666667,0.9382933031,0.5179929572833333,0.9382933031
swap,affinity,7,100,0,60,0.4195127877166667,0.5047553052833333,0.45,0.5166666666666667,0.9390784546833334,0.5195656669666666,0.9390784546833334
swap,affinity,7,125,0,60,0.38936390573333335,0.5349041872666667,0.5166666666666667,0.48333333333333334,0.9399335420833334,0.55056963635,0.9399335420833334
swap,affinity,7,150,0,60,0.41508163206666665,0.5091864609333334,0.4666666666666667,0.5,0.9505650427166668,0.53548341065,0.9505650427166668
swap,affinity,7,0,1,200,0.42947588265500003,0.494792210345,0.42,0.54,0.9206190464100001,0.49114316375500006,0.9206190464100001
swap,affinity,7,150,1,200,0.41849773450499994,0.5057703584950001,0.455,0.51,0.9394274340350001,0.5209296995299999,0.9394274340350001
swap,affinity,8,0,0,60,0.3941393833,0.5301287097,0.5,0.4666666666666667,0.92228278585,0.52814340255,0.92228278585
swap,affinity,8,25,0,60,0.43127050238333337,0.49299759061666665,0.43333333333333335,0.55,0.9163948995,0.4851243971166666,0.9163948995
swap,affinity,8,50,0,60,0.3277457873500001,0.59652230565,0.5833333333333334,0.38333333333333336,0.9437773734666667,0.6160315861166665,0.9437773734666667
swap,affinity,8,75,0,60,0.36574167195,0.55852642105,0.5166666666666667,0.45,0.9278658422333332,0.5621241702833333,0.9278658422333332
swap,affinity,8,100,0,60,0.4741252732000001,0.4501428197999999,0.4,0.6,0.9539186028166668,0.47979332961666665,0.9539186028166668
swap,affinity,8,125,0,60,0.42499815811666664,0.4992699348833334,0.4,0.5833333333333334,0.95421000945,0.5292118513333334,0.95421000945
swap,affinity,8,150,0,60,0.31215702915,0.61211106385,0.6333333333333333,0.36666666666666664,0.9470100938833333,0.6348530647333332,0.9470100938833333
swap,affinity,8,0,1,200,0.40363319702500006,0.520634895975,0.45,0.515,0.916890604985,0.51325740796,0.916890604985
swap,affinity,8,150,1,200,0.35026571589999994,0.5740023771,0.59,0.39,0.93957053032,0.58930481442,0.93957053032
swap,affinity,9,0,0,60,0.44729988535000004,0.47696820765,0.43333333333333335,0.55,0.9155635161000001,0.46826363075,0.9155635161000001
swap,affinity,9,25,0,60,0.4019787787833334,0.5222893142166667,0.5,0.48333333333333334,0.9246644749333334,0.52268569615,0.9246644749333334
swap,affinity,9,50,0,60,0.36587440934999993,0.5583936836500001,0.55,0.45,0.9290222296666666,0.5631478203166667,0.9290222296666666
swap,affinity,9,75,0,60,0.35647648555,0.56779160745,0.5666666666666667,0.4166666666666667,0.9392219411333332,0.5827454555833335,0.9392219411333332
swap,affinity,9,100,0,60,0.4261595938999999,0.4981084991000001,0.4,0.5666666666666667,0.9290106380333334,0.5028510441333334,0.9290106380333334
swap,affinity,9,125,0,60,0.41641577059999996,0.5078523224,0.45,0.5166666666666667,0.9382310904,0.5218153198000001,0.9382310904
swap,affinity,9,150,0,60,0.3281512080666667,0.5961168849333334,0.6,0.35,0.9285031238333334,0.6003519157666667,0.9285031238333334
swap,affinity,9,0,1,200,0.43926171311000006,0.48500637988999995,0.415,0.55,0.920615918695,0.48135420558500003,0.920615918695
swap,affinity,9,150,1,200,0.381203328995,0.543064764005,0.515,0.455,0.9377772306,0.556573901605,0.9377772306
swap,margin,0,0,0,60,0.6491202050833332,0.2751478879166668,0.03333333333333333,0.7666666666666667,0.8892649914500002,0.2401447863666667,0.6491202050833332
swap,margin,0,25,0,60,0.6293755910666666,0.2948925019333334,0.05,0.6666666666666666,0.8344587332500001,0.2050831421833333,0.6293755910666666
swap,margin,0,50,0,60,0.6458016454833333,0.2784664475166667,0.03333333333333333,0.7833333333333333,0.8482670797666666,0.20246543428333336,0.6458016454833333
swap,margin,0,75,0,60,0.6184553577666667,0.3058127352333333,0.016666666666666666,0.6833333333333333,0.8487658510166668,0.23031049325000003,0.6184553577666667
swap,margin,0,100,0,60,0.6775826902833333,0.24668540271666672,0.0,0.7833333333333333,0.8880094229500001,0.21042673266666662,0.6775826902833333
swap,margin,0,125,0,60,0.6676481414333334,0.2566199515666666,0.0,0.8333333333333334,0.8801394613166664,0.21249131988333333,0.6676481414333334
swap,margin,0,150,0,60,0.7069295485166667,0.21733854448333334,0.0,0.85,0.89075251235,0.18382296383333335,0.7069295485166667
swap,margin,0,0,1,200,0.61614335667,0.30812473633000004,0.015,0.755,0.8505755807450001,0.23443222407500003,0.61614335667
swap,margin,0,150,1,200,0.692916649855,0.231351443145,0.0,0.855,0.889271095835,0.19635444598,0.692916649855
swap,margin,1,0,0,60,0.6299541540833334,0.2943139389166666,0.06666666666666667,0.7666666666666667,0.8549342258833333,0.2249800718,0.6299541540833334
swap,margin,1,25,0,60,0.6197371949666667,0.30453089803333333,0.05,0.7166666666666667,0.8390457530499998,0.21930855808333333,0.6197371949666667
swap,margin,1,50,0,60,0.7117982598666668,0.21246983313333323,0.0,0.85,0.8937790045166667,0.18198074465,0.7117982598666668
swap,margin,1,75,0,60,0.6787096668833335,0.24555842611666656,0.0,0.8,0.8776899768666666,0.19898030998333333,0.6787096668833335
swap,margin,1,100,0,60,0.6550204783166667,0.26924761468333336,0.05,0.7833333333333333,0.8725273956333334,0.2175069173166667,0.6550204783166667
swap,margin,1,125,0,60,0.7120741990499998,0.2121938939500002,0.0,0.85,0.8905160178666666,0.17844181881666668,0.7120741990499998
swap,margin,1,150,0,60,0.7165968906166668,0.20767120238333325,0.0,0.8666666666666667,0.8960754331333333,0.1794785425166667,0.7165968906166668
swap,margin,1,0,1,200,0.601641044935,0.322627048065,0.035,0.665,0.8227447003749999,0.22110365544,0.601641044935
swap,margin,1,150,1,200,0.6973879925350001,0.22688010046499996,0.015,0.84,0.8907863732850001,0.19339838075,0.6973879925350001
swap,margin,10,0,0,60,0.5764642163166667,0.34780387668333335,0.06666666666666667,0.7,0.8392314891666667,0.26276727285,0.5764642163166667
swap,margin,10,25,0,60,0.5963977405666668,0.3278703524333332,0.03333333333333333,0.6666666666666666,0.8294611125166665,0.23306337195000001,0.5963977405666668
swap,margin,10,50,0,60,0.698418286633333,0.22584980636666696,0.016666666666666666,0.8166666666666667,0.8830364359333334,0.18461814929999998,0.698418286633333
swap,margin,10,75,0,60,0.7067902335333333,0.21747785946666676,0.0,0.7833333333333333,0.8811388570500001,0.17434862351666666,0.7067902335333333
swap,margin,10,100,0,60,0.6935115912499998,0.23075650175000018,0.03333333333333333,0.8666666666666667,0.90022440175,0.2067128105,0.6935115912499998
swap,margin,10,125,0,60,0.6968903196833335,0.22737777331666653,0.016666666666666666,0.85,0.8923216531166667,0.19543133343333335,0.6968903196833335
swap,margin,10,150,0,60,0.7082861869833332,0.21598190601666678,0.0,0.8,0.87805089605,0.1697647090666667,0.7082861869833332
swap,margin,10,0,1,200,0.6035613533949999,0.32070673960500007,0.03,0.7,0.834807958265,0.23124660487,0.6035613533949999
swap,margin,10,150,1,200,0.7062361253999999,0.2180319676000001,0.01,0.865,0.889233449425,0.182997324025,0.7062361253999999
swap,margin,11,0,0,60,0.6108067393333332,0.31346135366666683,0.0,0.6833333333333333,0.8300956608,0.21928892146666665,0.6108067393333332
swap,margin,11,25,0,60,0.6085940745666668,0.3156740184333332,0.0,0.7,0.8110726322666665,0.20247855770000003,0.6085940745666668
swap,margin,11,50,0,60,0.6773790117666668,0.2468890812333332,0.016666666666666666,0.75,0.8502009334500001,0.17282192168333335,0.6773790117666668
swap,margin,11,75,0,60,0.7355969876499999,0.1886711053500001,0.016666666666666666,0.8666666666666667,0.9011076770333335,0.16551068938333333,0.7355969876499999
swap,margin,11,100,0,60,0.7336737130333333,0.19059437996666673,0.0,0.8666666666666667,0.8955047614000001,0.16183104836666662,0.7336737130333333
swap,margin,11,125,0,60,0.67459494655,0.24967314645000005,0.0,0.8166666666666667,0.87389545575,0.19930050920000003,0.67459494655
swap,margin,11,150,0,60,0.73255704835,0.19171104465,0.0,0.9333333333333333,0.9161094415666667,0.18355239321666666,0.73255704835
swap,margin,11,0,1,200,0.597175331525,0.327092761475,0.035,0.675,0.836080019945,0.23890468841999998,0.597175331525
swap,margin,11,150,1,200,0.697909709865,0.226358383135,0.0,0.855,0.8874359398049999,0.18952622993999999,0.697909709865
swap,margin,12,0,0,60,0.6354931865000001,0.28877490649999993,0.0,0.8,0.8307892904833334,0.1952961039833333,0.6354931865000001
swap,margin,12,25,0,60,0.6710703689666667,0.2531977240333333,0.0,0.7833333333333333,0.8620622150666667,0.1909918461,0.6710703689666667
swap,margin,12,50,0,60,0.6975632124166666,0.22670488058333338,0.016666666666666666,0.8333333333333334,0.8868866584666667,0.18932344605000004,0.6975632124166666
swap,margin,12,75,0,60,0.67279501225,0.25147308074999997,0.0,0.8333333333333334,0.8760923506833332,0.20329733843333334,0.67279501225
swap,margin,12,100,0,60,0.6552920752666667,0.26897601773333335,0.0,0.7833333333333333,0.8505852345,0.19529315923333337,0.6552920752666667
swap,margin,12,125,0,60,0.6656584930499999,0.2586095999500001,0.05,0.85,0.8798891599833335,0.2142306669333333,0.6656584930499999
swap,margin,12,150,0,60,0.6620569016333333,0.2622111913666667,0.05,0.7666666666666667,0.8709457798166667,0.20888887818333332,0.6620569016333333
swap,margin,12,0,1,200,0.6128550914750001,0.31141300152499996,0.015,0.725,0.83143569437,0.21858060289500003,0.6128550914750001
swap,margin,12,150,1,200,0.6955509736950001,0.22871711930499994,0.01,0.865,0.890757341705,0.19520636801000002,0.6955509736950001
swap,margin,13,0,0,60,0.5931320992166664,0.3311359937833336,0.016666666666666666,0.7166666666666667,0.8210309123000001,0.22789881308333335,0.5931320992166664
swap,margin,13,25,0,60,0.6253265089833334,0.2989415840166666,0.0,0.7333333333333333,0.82843134655,0.20310483756666672,0.6253265089833334
swap,margin,13,50,0,60,0.6223296471499999,0.30193844585000007,0.0,0.7,0.8197014273833332,0.19737178023333335,0.6223296471499999
swap,margin,13,75,0,60,0.6540427252666666,0.2702253677333334,0.0,0.75,0.8465914475833335,0.19254872231666667,0.6540427252666666
swap,margin,13,100,0,60,0.6591861745666666,0.2650819184333334,0.016666666666666666,0.7333333333333333,0.8698601121166666,0.21067393755000002,0.6591861745666666
swap,margin,13,125,0,60,0.64232006005,0.28194803295000004,0.03333333333333333,0.7666666666666667,0.8684670079500003,0.22614694789999995,0.64232006005
swap,margin,13,150,0,60,0.7075836954166667,0.21668439758333335,0.0,0.9,0.9152211717166666,0.20763747629999998,0.7075836954166667
swap,margin,13,0,1,200,0.585491799365,0.33877629363500006,0.045,0.645,0.82399100806,0.23849920869499996,0.585491799365
swap,margin,13,150,1,200,0.6949196940099999,0.22934839899000015,0.015,0.825,0.888731620475,0.193811926465,0.6949196940099999
swap,margin,14,0,0,60,0.6074494135333334,0.31681867946666664,0.05,0.6166666666666667,0.82363531525,0.21618590171666668,0.6074494135333334
swap,margin,14,25,0,60,0.6104766178833333,0.3137914751166667,0.016666666666666666,0.6333333333333333,0.8333054815666666,0.22282886368333335,0.6104766178833333
swap,margin,14,50,0,60,0.6990575838666667,0.2252105091333333,0.0,0.8333333333333334,0.8790236765,0.1799660926333333,0.6990575838666667
swap,margin,14,75,0,60,0.6943489035666667,0.22991918943333334,0.016666666666666666,0.8666666666666667,0.9021274594333334,0.20777855586666666,0.6943489035666667
swap,margin,14,100,0,60,0.7080674929833333,0.21620060001666674,0.016666666666666666,0.8666666666666667,0.8909102344333334,0.18284274144999998,0.7080674929833333
swap,margin,14,125,0,60,0.6639102933333333,0.2603577996666667,0.0,0.7833333333333333,0.8479074878833331,0.18399719455000002,0.6639102933333333
swap,margin,14,150,0,60,0.7084494854333333,0.2158186075666667,0.0,0.7666666666666667,0.8700209177666667,0.16157143233333332,0.7084494854333333
swap,margin,14,0,1,200,0.62393223816,0.30033585484,0.035,0.73,0.8535964904050001,0.229664252245,0.62393223816
swap,margin,14,150,1,200,0.6925771537500001,0.23169093924999995,0.02,0.83,0.887660846515,0.19508369276499998,0.6925771537500001
swap,margin,15,0,0,60,0.6092686730666664,0.3149994199333336,0.0,0.7,0.8254467487,0.2161780756333333,0.6092686730666664
swap,margin,15,25,0,60,0.6100734327333331,0.31419466026666687,0.03333333333333333,0.7166666666666667,0.8267355304666667,0.2166620977333333,0.6100734327333331
swap,margin,15,50,0,60,0.6531375787333337,0.27113051426666634,0.016666666666666666,0.8,0.8756120077333335,0.222474429,0.6531375787333337
swap,margin,15,75,0,60,0.6639083111833333,0.26035978181666675,0.0,0.7666666666666667,0.8534598626333333,0.18955155145,0.6639083111833333
swap,margin,15,100,0,60,0.6643438613333333,0.25992423166666667,0.016666666666666666,0.8166666666666667,0.8508359466,0.18649208526666666,0.6643438613333333
swap,margin,15,125,0,60,0.6643871941666666,0.25988089883333343,0.016666666666666666,0.8166666666666667,0.8698280613,0.20544086713333334,0.6643871941666666
swap,margin,15,150,0,60,0.6968586289166666,0.2274094640833334,0.03333333333333333,0.7666666666666667,0.8740546544333333,0.17719602551666666,0.6968586289166666
swap,margin,15,0,1,200,0.590354705485,0.333913387515,0.045,0.665,0.824399828895,0.23404512341,0.590354705485
swap,margin,15,150,1,200,0.67942982112,0.24483827187999996,0.015,0.845,0.8796487827499999,0.20021896163,0.67942982112
swap,margin,2,0,0,60,0.6305123288666665,0.2937557641333335,0.016666666666666666,0.75,0.8572705294499999,0.22675820058333332,0.6305123288666665
swap,margin,2,25,0,60,0.6724605639666666,0.25180752903333337,0.016666666666666666,0.8,0.8873755381166666,0.21491497415,0.6724605639666666
swap,margin,2,50,0,60,0.6496590906833334,0.27460900231666663,0.05,0.75,0.86040083535,0.21074174466666665,0.6496590906833334
swap,margin,2,75,0,60,0.6371760957166667,0.28709199728333334,0.03333333333333333,0.7333333333333333,0.8384509332833333,0.20127483756666667,0.6371760957166667
swap,margin,2,100,0,60,0.6851502132999999,0.2391178797000001,0.016666666666666666,0.85,0.8930076847666665,0.20785747146666667,0.6851502132999999
swap,margin,2,125,0,60,0.6811556219,0.2431124711,0.016666666666666666,0.8,0.8515468270833332,0.17039120518333334,0.6811556219
swap,margin,2,150,0,60,0.6766663525,0.24760174050000006,0.05,0.85,0.8927551899499999,0.21608883745,0.6766663525
swap,margin,2,0,1,200,0.6188704716150001,0.30539762138499993,0.025,0.74,0.85253014866,0.233659677045,0.6188704716150001
swap,margin,2,150,1,200,0.706819260835,0.217448832165,0.005,0.86,0.8938395430850001,0.18702028225,0.706819260835
swap,margin,3,0,0,60,0.6047804835166665,0.31948760948333355,0.03333333333333333,0.7,0.8395679836833333,0.23478750016666666,0.6047804835166665
swap,margin,3,25,0,60,0.6310967938666665,0.2931712991333335,0.016666666666666666,0.7166666666666667,0.8419978010833336,0.21090100721666669,0.6310967938666665
swap,margin,3,50,0,60,0.6945711802500001,0.22969691274999993,0.03333333333333333,0.9166666666666666,0.8956811154833333,0.2011099352333333,0.6945711802500001
swap,margin,3,75,0,60,0.6838134621,0.24045463089999997,0.05,0.8,0.89642300025,0.21260953815,0.6838134621
swap,margin,3,100,0,60,0.6491357074499999,0.2751323855500001,0.0,0.7833333333333333,0.8644677433499999,0.21533203590000002,0.6491357074499999
swap,margin,3,125,0,60,0.6683429189666666,0.25592517403333337,0.03333333333333333,0.75,0.8824870391833335,0.21414412021666668,0.6683429189666666
swap,margin,3,150,0,60,0.6635255579,0.2607425351,0.016666666666666666,0.8,0.8618431073166666,0.19831754941666666,0.6635255579
swap,margin,3,0,1,200,0.595218791185,0.32904930181500003,0.05,0.71,0.84435340154,0.24913461035499998,0.595218791185
swap,margin,3,150,1,200,0.65622523026,0.26804286274,0.005,0.745,0.8583714749949999,0.20214624473500004,0.65622523026
swap,margin,4,0,0,60,0.5911567110666667,0.33311138193333334,0.06666666666666667,0.65,0.8203740968,0.22921738573333333,0.5911567110666667
swap,margin,4,25,0,60,0.6198964266333334,0.30437166636666657,0.016666666666666666,0.7333333333333333,0.8543523382666668,0.23445591163333332,0.6198964266333334
swap,margin,4,50,0,60,0.6111669558666667,0.3131011371333333,0.03333333333333333,0.7666666666666667,0.8642429345166668,0.25307597865,0.6111669558666667
swap,margin,4,75,0,60,0.6067963906500001,0.3174717023499999,0.016666666666666666,0.6833333333333333,0.8363102748333334,0.2295138841833334,0.6067963906500001
swap,margin,4,100,0,60,0.6272114336833334,0.2970566593166666,0.03333333333333333,0.7833333333333333,0.8434032885999999,0.2161918549166667,0.6272114336833334
swap,margin,4,125,0,60,0.6424859114166667,0.28178218158333335,0.016666666666666666,0.7,0.8652787549333333,0.22279284351666667,0.6424859114166667
swap,margin,4,150,0,60,0.6758215834833333,0.2484465095166667,0.0,0.8666666666666667,0.8796360974,0.20381451391666666,0.6758215834833333
swap,margin,4,0,1,200,0.593575091975,0.330693001025,0.05,0.66,0.8234521831250001,0.22987709115000002,0.593575091975
swap,margin,4,150,1,200,0.657125551745,0.26714254125500003,0.01,0.785,0.86764970706,0.210524155315,0.657125551745
swap,margin,5,0,0,60,0.59118750945,0.33308058355000003,0.08333333333333333,0.7166666666666667,0.8524621402666667,0.2612746308166667,0.59118750945
swap,margin,5,25,0,60,0.6769681688833332,0.2472999241166668,0.016666666666666666,0.8,0.8788799569333333,0.20191178804999996,0.6769681688833332
swap,margin,5,50,0,60,0.6917724259499999,0.23249566705000013,0.03333333333333333,0.7666666666666667,0.8779658306666669,0.1861934047166667,0.6917724259499999
swap,margin,5,75,0,60,0.6483178106666665,0.2759502823333335,0.03333333333333333,0.8,0.86397661505,0.21565880438333332,0.6483178106666665
swap,margin,5,100,0,60,0.7034890044166666,0.2207790885833334,0.016666666666666666,0.8333333333333334,0.8847717907499999,0.18128278633333336,0.7034890044166666
swap,margin,5,125,0,60,0.7424310341999999,0.18183705880000012,0.0,0.9333333333333333,0.92914886495,0.18671783075000004,0.7424310341999999
swap,margin,5,150,0,60,0.7114921461999999,0.21277594680000012,0.0,0.8166666666666667,0.8748148040333334,0.1633226578333333,0.7114921461999999
swap,margin,5,0,1,200,0.6084072461,0.31586084690000005,0.035,0.7,0.8404098202100001,0.23200257411,0.6084072461
swap,margin,5,150,1,200,0.7126418472750001,0.21162624572499988,0.0,0.85,0.8943293504900001,0.181687503215,0.7126418472750001
swap,margin,6,0,0,60,0.5855499428499998,0.3387181501500002,0.016666666666666666,0.6166666666666667,0.8130698290333335,0.22751988618333335,0.5855499428499998
swap,margin,6,25,0,60,0.6802255288999999,0.24404256410000014,0.0,0.7666666666666667,0.8619285786333334,0.18170304973333332,0.6802255288999999
swap,margin,6,50,0,60,0.6801267026833333,0.2441413903166667,0.016666666666666666,0.8666666666666667,0.8915937300166666,0.21146702733333334,0.6801267026833333
swap,margin,6,75,0,60,0.6731572584999999,0.25111083450000016,0.016666666666666666,0.8333333333333334,0.8807946258333333,0.2076373673333333,0.6731572584999999
swap,margin,6,100,0,60,0.67140836105,0.25285973195,0.03333333333333333,0.8,0.8779215951333332,0.20651323408333333,0.67140836105
swap,margin,6,125,0,60,0.7601312602499999,0.16413683275000013,0.0,0.9,0.9113673717666668,0.15123611151666663,0.7601312602499999
swap,margin,6,150,0,60,0.71719934955,0.20706874345000004,0.0,0.85,0.8849729538833332,0.1677736043333333,0.71719934955
swap,margin,6,0,1,200,0.597841434265,0.326426658735,0.035,0.65,0.8172486425850001,0.21940720831999996,0.597841434265
swap,margin,6,150,1,200,0.7059400761200001,0.21832801687999992,0.015,0.86,0.895217390785,0.189277314665,0.7059400761200001
swap,margin,7,0,0,60,0.5855265254666668,0.3387415675333332,0.03333333333333333,0.7166666666666667,0.8397905130499999,0.25426398758333335,0.5855265254666668
swap,margin,7,25,0,60,0.5831726234166666,0.34109546958333337,0.03333333333333333,0.7833333333333333,0.8428632467999999,0.2596906233833333,0.5831726234166666
swap,margin,7,50,0,60,0.6108710784166667,0.31339701458333336,0.03333333333333333,0.75,0.8587357929166666,0.2478647145,0.6108710784166667
swap,margin,7,75,0,60,0.6636784126333333,0.26058968036666674,0.0,0.7833333333333333,0.8568221132833335,0.19314370064999997,0.6636784126333333
swap,margin,7,100,0,60,0.7061274659666666,0.21814062703333337,0.0,0.8,0.8756869427,0.1695594767333333,0.7061274659666666
swap,margin,7,125,0,60,0.6963897035833334,0.2278783894166666,0.016666666666666666,0.8166666666666667,0.87907761905,0.18268791546666666,0.6963897035833334
swap,margin,7,150,0,60,0.6869670857999999,0.23730100720000014,0.03333333333333333,0.8333333333333334,0.9038966691666667,0.21692958336666665,0.6869670857999999
swap,margin,7,0,1,200,0.59990732124,0.32436077176,0.045,0.65,0.816977908305,0.217070587065,0.59990732124
swap,margin,7,150,1,200,0.68824871857,0.23601937442999998,0.02,0.815,0.88294672171,0.19469800313999996,0.68824871857
swap,margin,8,0,0,60,0.61573595185,0.30853214115000005,0.016666666666666666,0.7,0.8249227148666666,0.20918676301666664,0.61573595185
swap,margin,8,25,0,60,0.6638578386333334,0.26041025436666665,0.0,0.7833333333333333,0.8737615200666665,0.20990368143333338,0.6638578386333334
swap,margin,8,50,0,60,0.6824769572833334,0.24179113571666666,0.03333333333333333,0.75,0.87409459275,0.19161763546666666,0.6824769572833334
swap,margin,8,75,0,60,0.7119688989333333,0.21229919406666675,0.0,0.8833333333333333,0.8940348416666666,0.18206594273333335,0.7119688989333333
swap,margin,8,100,0,60,0.7015217572,0.22274633580000003,0.0,0.8666666666666667,0.8896299120166667,0.1881081548166667,0.7015217572
swap,margin,8,125,0,60,0.7191864985666666,0.2050815944333334,0.03333333333333333,0.8666666666666667,0.9161921007666667,0.1970056022,0.7191864985666666
swap,margin,8,150,0,60,0.69970352855,0.22456456445000006,0.0,0.7666666666666667,0.8637056703166665,0.16400214176666666,0.69970352855
swap,margin,8,0,1,200,0.627939595775,0.296328497225,0.035,0.74,0.852772509635,0.22483291385999998,0.627939595775
swap,margin,8,150,1,200,0.693107356845,0.231160736155,0.01,0.885,0.894939618085,0.20183226123999998,0.693107356845
swap,margin,9,0,0,60,0.6162469698000002,0.30802112319999986,0.03333333333333333,0.6833333333333333,0.8484958796333334,0.23224890983333332,0.6162469698000002
swap,margin,9,25,0,60,0.6656720415833333,0.25859605141666675,0.016666666666666666,0.7166666666666667,0.8531311361166666,0.18745909453333334,0.6656720415833333
swap,margin,9,50,0,60,0.6344561790333334,0.2898119139666666,0.0,0.7,0.8306182006833333,0.19616202165,0.6344561790333334
swap,margin,9,75,0,60,0.6556953974666668,0.2685726955333332,0.0,0.75,0.8513976755166668,0.19570227805000004,0.6556953974666668
swap,margin,9,100,0,60,0.6390409198666666,0.28522717313333346,0.016666666666666666,0.7666666666666667,0.8506228435833332,0.21158192371666665,0.6390409198666666
swap,margin,9,125,0,60,0.6981955559499998,0.2260725370500002,0.03333333333333333,0.85,0.9061127821833334,0.20791722623333334,0.6981955559499998
swap,margin,9,150,0,60,0.7047207549666666,0.21954733803333337,0.0,0.8166666666666667,0.8876131207666667,0.18289236579999998,0.7047207549666666
swap,margin,9,0,1,200,0.5875551247349999,0.3367129682650001,0.02,0.68,0.8180464838200001,0.230491359085,0.5875551247349999
swap,margin,9,150,1,200,0.7052592108600001,0.21900888213999992,0.01,0.865,0.8906457384099999,0.18538652755,0.7052592108600001
